action,bucket,hq_id,hq_code,hq_description,old_daily,new_daily,weekly_unchanged,rw_source_codes,match_type,match_score,corroboration,note
SET_DAILY,A,e4814f39-acb4-43a3-b693-fb1d62780c05,104510,LITEMAT 4 PLUS HYBRID COMPLETE,0.0,375.0,375.0,LM4PLUS,exact-description,1.0,weekly==rw_daily,
SET_DAILY,A,bd402947-bd36-44e6-b8f5-c503b84ace2e,SUMO- BALLAST,SUMO- BALLAST,0.0,375.0,375.0,SBCLB,exact-code,1.0,weekly==rw_daily,
SET_DAILY,A,f1836fb1-d558-4a83-9841-2624dcdb6d0e,SUMO- POWER FEEDER,SUMO- POWER FEEDER,0.0,375.0,375.0,SBPF,exact-code,1.0,weekly==rw_daily,
SET_DAILY,A,7dc90c47-6612-4504-a409-628ecfcf1e22,SUMO- CHAIN LINK,SUMO- CHAIN LINK,0.0,375.0,375.0,SCL,exact-code,1.0,weekly==rw_daily,
SET_DAILY,A,127dce10-4158-4bc9-b4f3-abe21ae21ef7,102944,SUMO HEAD BI COLOR LED,0.0,375.0,375.0,SHBHEAD,exact-description,1.0,weekly==rw_daily,
SET_DAILY,A,cc8e181c-bf05-46c6-89bf-0898d3a85bfa,SUMO HEAD FEEDER,SUMO HEAD FEEDER,0.0,375.0,375.0,SHF,exact-code,1.0,weekly==rw_daily,
SET_DAILY,A,b442f82d-ecb4-49ac-a653-383bb5ab5eca,SUMO LENS 30 DEGREE,SUMO LENS 30 DEGREE,0.0,375.0,375.0,SL30,exact-code,1.0,weekly==rw_daily,
SET_DAILY,A,5fd291c3-0329-4eb6-ad28-2ba480e05b40,SUMO LIGHTR SKIRT,SUMO LIGHTR SKIRT,0.0,375.0,375.0,SLS,exact-code,1.0,weekly==rw_daily,
SET_DAILY,A,3808242f-2602-4eed-803e-7ea26c61b1fd,104534,ASTRA 1X1 BI-COLOR - LITEPANEL,0.0,250.0,250.0,145085,exact-description,1.0,weekly==rw_daily,
SET_DAILY,A,f3bc23ea-f0b6-4158-86cf-750ad1927b47,9 LIGHT MAXIBRUTE HEAD,9 LIGHT MAXIBRUTE HEAD,0.0,200.0,200.0,141721,exact-code,1.0,weekly==rw_daily,
SET_DAILY,A,223ed9bf-4366-4bb7-ac75-6a0d464a6a29,104509,LITEMAT 4  SERIES 2 COMPLETE,0.0,200.0,200.0,LM4SPEC2,exact-description,1.0,weekly==rw_daily,
SET_DAILY,A,71509969-14e6-4bb0-b9f8-734fbf673fd3,104543,125/200W LTM PAR HEAD,0.0,188.0,188.0,121905,exact-description,1.0,weekly==rw_daily,
SET_DAILY,A,2737ffad-bca6-417c-a143-fa8d4a09d1b3,104518,KINO CELEB 200,0.0,175.0,175.0,145110,exact-description,1.0,weekly==rw_daily,
SET_DAILY,A,608a1d25-9724-423e-be93-762ae7ddc210,104508,LITEMAT 2 SERIES 2 COMPLETE,0.0,165.0,165.0,LM2S2,exact-description,1.0,weekly==rw_daily,
SET_DAILY,A,368e8668-1405-4c91-9c5d-ca38b6c45f01,104511,6K SPACE LIGHT (SOCAPEX) HEAD,0.0,161.0,161.0,6KSLH,exact-description,1.0,weekly==rw_daily,
SET_DAILY,A,8866266e-357f-492a-8268-b2a2f658e345,12' X 30' SOLID BLACK RAG,12' X 30' SOLID BLACK RAG,0.0,150.0,150.0,1230SBR,exact-code,1.0,weekly==rw_daily,
SET_DAILY,A,0b8112f7-c677-4181-b84b-c12d7a03176f,9 LIGHT FAY HEAD - TYPE 5541,9 LIGHT FAY HEAD - TYPE 5541,0.0,135.0,135.0,141931,exact-code,1.0,weekly==rw_daily,
SET_DAILY,A,bc7d007c-f7ef-4e8a-8ce4-312a4ae88c44,20' X 20' DOUBLE NET RAG,20' X 20' DOUBLE NET RAG,0.0,125.0,125.0,2020DNR,exact-code,1.0,weekly==rw_daily,
SET_DAILY,A,76208f2b-428b-441d-8f6f-5c2306343af8,20' X 20' FULL GRID RAG (NOISY),20' X 20' FULL GRID RAG (NOISY),0.0,125.0,125.0,2020FGRN,exact-code,1.0,weekly==rw_daily,
SET_DAILY,A,d0e287ee-48a5-44f1-adeb-6c912304468a,20' X 20' LITE (1/2) GRID CLOTH RAG,20' X 20' LITE (1/2) GRID CLOTH RAG,0.0,125.0,125.0,2020HGR,exact-code,1.0,weekly==rw_daily,
SET_DAILY,A,5d1d3b35-b29a-49b3-9fe9-80a582075f15,20' X 20' QUARTER GRID CLOTH RAG,20' X 20' QUARTER GRID CLOTH RAG,0.0,125.0,125.0,2020QGR,exact-code,1.0,weekly==rw_daily,
SET_DAILY,A,32ebba6b-98e4-4e6f-8f15-2f001615a0eb,20' X 20' SOLID BLACK RAG,20' X 20' SOLID BLACK RAG,0.0,125.0,125.0,2020SBR,exact-code,1.0,weekly==rw_daily,
SET_DAILY,A,4a85d3ae-e8c0-4493-aabe-3aa024c6cc41,20' X 20' SINGLE NET RAG,20' X 20' SINGLE NET RAG,0.0,125.0,125.0,2020SNR,exact-code,1.0,weekly==rw_daily,
SET_DAILY,A,a92ce565-c5df-4bf2-8418-4c5734ad7d73,20' X 20' ULTRABOUNCE RAG,20' X 20' ULTRABOUNCE RAG,0.0,125.0,125.0,2020UBR,exact-code,1.0,weekly==rw_daily,
SET_DAILY,A,996ed7d8-e581-44cb-a40e-055ef1bd1b4b,6' X 6' EGGCRATE - 40 DEG. LCD,6' X 6' EGGCRATE - 40 DEG. LCD,0.0,125.0,125.0,6640LCD,exact-code,1.0,weekly==rw_daily,
SET_DAILY,A,a3596362-6814-46fa-a461-1d12cb2fe5fe,8' X 8' EGGCRATE - 40 DEG. LCD,8' X 8' EGGCRATE - 40 DEG. LCD,0.0,125.0,125.0,8840LCD,exact-code,1.0,weekly==rw_daily,
SET_DAILY,A,5172cd11-8630-4dec-822b-c6d609fd5d65,12' X 20' FULL GRID RAG,12' X 20' FULL GRID RAG,0.0,110.0,110.0,1220FGR,exact-code,1.0,weekly==rw_daily,
SET_DAILY,A,18f2fbab-ae9d-4fb9-a254-3f15c1baa324,12' X 20' LITE (1/2) GRID RAG,12' X 20' LITE (1/2) GRID RAG,0.0,110.0,110.0,1220HGR,exact-code,1.0,weekly==rw_daily,
SET_DAILY,A,faa8451c-d427-4ed7-92d5-f492be4edc78,12' X 20' QUARTER GRID RAG,12' X 20' QUARTER GRID RAG,0.0,110.0,110.0,1220QGR,exact-code,1.0,weekly==rw_daily,
SET_DAILY,A,22b5c8ee-1f15-4bd3-b2d9-077e32e3f9a9,12' X 20' SOLID BLACK RAG,12' X 20' SOLID BLACK RAG,0.0,100.0,100.0,1220SBR,exact-code,1.0,weekly==rw_daily,
SET_DAILY,A,1bfb3bb6-10f0-451c-a065-3a1639310747,12' X 20' ULTRABOUNCE RAG,12' X 20' ULTRABOUNCE RAG,0.0,100.0,100.0,1220UBR,exact-code,1.0,weekly==rw_daily,
SET_DAILY,A,2f9fdceb-1e01-43a4-8991-3cc3115b9b1f,ARRI SKYPANEL S60 CONTROL GRID 40 DEGREE MED,ARRI SKYPANEL S60 CONTROL GRID 40 DEGREE MED,0.0,100.0,100.0,ASS6040DEG,exact-code,1.0,weekly==rw_daily,
SET_DAILY,A,726c4a26-60e1-4a70-893d-4f4daca0bda8,ARRI SKYPANEL S60 CONTROL GRID 40 DEGREE SMALL,ARRI SKYPANEL S60 CONTROL GRID 40 DEGREE SMALL,0.0,100.0,100.0,ASS60CG40S,exact-code,1.0,weekly==rw_daily,
SET_DAILY,A,2d0e1b9f-27c0-448d-ba2a-c588dd3b1c06,ARRI SKYPANEL S60 CONTROL GRID 50 DEGREE SMALL,ARRI SKYPANEL S60 CONTROL GRID 50 DEGREE SMALL,0.0,100.0,100.0,ASS60CG50D,exact-code,1.0,weekly==rw_daily,
SET_DAILY,A,fa7b443b-da78-4303-8707-424281c715ad,1639 (M) CHIMERA LIGHTBANK - SKYPANEL S60,1639 (M) CHIMERA LIGHTBANK - SKYPANEL S60,0.0,85.0,85.0,161104,exact-code,1.0,weekly==rw_daily,
SET_DAILY,A,77789f9b-b52e-4f79-8abe-5597b37af74b,LARGE QUARTZ PLUS CHIMERA BANK (8445),LARGE QUARTZ PLUS CHIMERA BANK (8445),0.0,81.0,81.0,160360,exact-code,1.0,weekly==rw_daily,
SET_DAILY,A,a6a89934-daca-46b9-a3b6-ac0e6728b97f,12' X 12' BLACK/WHITE GRIFFOLYN RAG,12' X 12' BLACK/WHITE GRIFFOLYN RAG,0.0,75.0,75.0,1212BWGRIF,exact-code,1.0,weekly==rw_daily,
SET_DAILY,A,9085b0e5-008e-4954-b845-6a2bae0b478b,12' X 12' CHINA (1/2) SILK RAG,12' X 12' CHINA (1/2) SILK RAG,0.0,75.0,75.0,1212CSR,fuzzy-code,0.97,weekly==rw_daily,
SET_DAILY,A,3f4ba5b6-bdd3-444f-ae7f-18245f59d28c,12' X 12' DOUBLE NET RAG,12' X 12' DOUBLE NET RAG,0.0,75.0,75.0,1212DNR,exact-code,1.0,weekly==rw_daily,
SET_DAILY,A,8ae6791f-fa5e-43ba-8cf4-b4f83dee8172,12' X 12' FULL GRID RAG,12' X 12' FULL GRID RAG,0.0,75.0,75.0,1212FGR,exact-code,1.0,weekly==rw_daily,
SET_DAILY,A,00107af6-e466-4aca-8724-37b5c9b3c7e3,12' X 12' LITE (1/2) GRID RAG,12' X 12' LITE (1/2) GRID RAG,0.0,75.0,75.0,1212HGCR,exact-code,1.0,weekly==rw_daily,
SET_DAILY,A,67934def-5af3-4862-9e38-fb2e79a4ffb4,12' X 12' QUARTER GRID RAG,12' X 12' QUARTER GRID RAG,0.0,75.0,75.0,1212QGR,exact-code,1.0,weekly==rw_daily,
SET_DAILY,A,af21ab17-98d4-44e1-bf8f-8b5e19a90622,12' X 12' SOLID BLACK RAG,12' X 12' SOLID BLACK RAG,0.0,75.0,75.0,1212SBR,exact-code,1.0,weekly==rw_daily,
SET_DAILY,A,654097e4-72a2-48c8-bbcf-791dce6a701a,12' X 12' SINGLE NET RAG,12' X 12' SINGLE NET RAG,0.0,75.0,75.0,1212SNR,exact-code,1.0,weekly==rw_daily,
SET_DAILY,A,30c2d8af-d3a8-41e7-a2ff-b581e1715cac,12' X 12' ULTRABOUNCE RAG,12' X 12' ULTRABOUNCE RAG,0.0,75.0,75.0,1212UBR,exact-code,1.0,weekly==rw_daily,
SET_DAILY,A,665aada6-212e-4c3d-bc55-6401a1841b58,LITEPANEL 1X1 CHIMERA BANK (1655) ASTRA,LITEPANEL 1X1 CHIMERA BANK (1655) ASTRA,0.0,75.0,75.0,161103,exact-code,1.0,weekly==rw_daily,
SET_DAILY,A,6ef35180-89d5-43db-a787-ece88332d681,MEDIUM QUARTZ PLUS CHIMERA BANK (8435),MEDIUM QUARTZ PLUS CHIMERA BANK (8435),0.0,70.0,70.0,160350,exact-code,1.0,weekly==rw_daily,
SET_DAILY,A,e4cb9d8f-8e1b-41dc-87d8-30e893d94ae9,6' X 8' FORREST NET,6' X 8' FORREST NET,0.0,60.0,60.0,6X8FN,exact-code,1.0,weekly==rw_daily,
SET_DAILY,A,0148b791-df29-43c6-8ed4-43579f46ac55,SMALL QUARTZ PLUS CHIMERA BANK (8425),SMALL QUARTZ PLUS CHIMERA BANK (8425),0.0,59.0,59.0,160340,exact-code,1.0,weekly==rw_daily,
SET_DAILY,A,232b956e-43db-4852-b0d7-70f83142ac81,8' X 12' SOLID BLACK RAG,8' X 12' SOLID BLACK RAG,0.0,54.0,54.0,812S,exact-code,1.0,weekly==rw_daily,
SET_DAILY,A,b5ebdbbe-575a-475a-a153-36f31c597bfc,10K QUARTZ GLOBE (DTY),10K QUARTZ GLOBE (DTY),0.0,54.0,54.0,91140203,exact-code,1.0,weekly==rw_daily,
SET_DAILY,A,3b00a5c8-c2eb-4e83-a9e2-36c4e630fca6,ARRI SKYPANEL S60 - SNAPGRID 40 DEGREE,ARRI SKYPANEL S60 - SNAPGRID 40 DEGREE,0.0,50.0,50.0,161137,exact-code,1.0,weekly==rw_daily,
SET_DAILY,A,c5480afc-19dc-4b98-a68d-e90c8fd562fc,ARRI SKYPANEL REMOTE,ARRI SKYPANEL REMOTE,0.0,50.0,50.0,161138,exact-code,1.0,weekly==rw_daily,
SET_DAILY,A,36d3aa37-1eed-41ae-a264-eead1c3e81b9,6' X 6' CHROMA GREEN RAG,6' X 6' CHROMA GREEN RAG,0.0,50.0,50.0,66CGR,exact-code,1.0,weekly==rw_daily,
SET_DAILY,A,31954dda-a7a9-4494-88bf-c748f79f6029,6' X 6' DIGI GREEN RAG,6' X 6' DIGI GREEN RAG,0.0,50.0,50.0,66DGR,exact-code,1.0,weekly==rw_daily,
SET_DAILY,A,06a53f3b-7424-4b6a-8103-de49836a7eec,ANTON BAUER  BATTERY,ANTON BAUER  BATTERY,0.0,50.0,50.0,91139796,exact-code,1.0,weekly==rw_daily,
SET_DAILY,A,1dd56d7c-eaa1-46d0-99d1-c26a0597a03b,8' X 8' BLEACHED MUSLIN RAG,8' X 8' BLEACHED MUSLIN RAG,0.0,45.0,45.0,88BMR,exact-code,1.0,weekly==rw_daily,
SET_DAILY,A,152493e2-642e-491d-b2dc-257ad4a4d9f6,8' X 8' DOUBLE NET RAG,8' X 8' DOUBLE NET RAG,0.0,45.0,45.0,88DNR,exact-code,1.0,weekly==rw_daily,
SET_DAILY,A,6a58d573-768b-401e-8cdf-e188f0c05701,8' X 8' GOLD LAME RAG,8' X 8' GOLD LAME RAG,0.0,45.0,45.0,88GLR,exact-code,1.0,weekly==rw_daily,
SET_DAILY,A,9ec58796-d828-4240-bc72-c5061bfe97bf,8' X 8' GRIFFLON RAG,8' X 8' GRIFFLON RAG,0.0,45.0,45.0,88GRIFF,exact-code,1.0,weekly==rw_daily,
SET_DAILY,A,4d40164f-b901-4dd0-8382-4be2a3d6f019,8' X 8' 1/2 SOFT FROST RAG,8' X 8' 1/2 SOFT FROST RAG,0.0,45.0,45.0,88HSFR,exact-code,1.0,weekly==rw_daily,
SET_DAILY,A,fe1ac9db-07db-4cbb-865e-cefc3aa94cfb,8' X 8' POLY SILK RAG,8' X 8' POLY SILK RAG,0.0,45.0,45.0,88PSR,exact-code,1.0,weekly==rw_daily,
SET_DAILY,A,1f8eb4f6-1ebc-4ef5-bb79-76633b9cc7d6,8' X 8' SOLID BLACK RAG,8' X 8' SOLID BLACK RAG,0.0,45.0,45.0,88SBR,exact-code,1.0,weekly==rw_daily,
SET_DAILY,A,cb6fd679-20ab-43c0-9bb8-d80b4a70567e,8' X 8' SILVER GOLD CHECKER RAG,8' X 8' SILVER GOLD CHECKER RAG,0.0,45.0,45.0,88SGCR,exact-code,1.0,weekly==rw_daily,
SET_DAILY,A,b438b1ca-24ad-4fb2-a9a1-ff3a4a2168b7,8' X 8' SILVER LAME RAG,8' X 8' SILVER LAME RAG,0.0,45.0,45.0,88SLR,exact-code,1.0,weekly==rw_daily,
SET_DAILY,A,feb9ae38-7bf8-4cf1-9c72-f1c8edc8b483,8' X 8' SINGLE NET RAG,8' X 8' SINGLE NET RAG,0.0,45.0,45.0,88SNR,exact-code,1.0,weekly==rw_daily,
SET_DAILY,A,73d9237c-88eb-4793-af01-8f3a4d1a98e7,8' X 8' ULTRABOUNCE RAG,8' X 8' ULTRABOUNCE RAG,0.0,45.0,45.0,88UB,exact-code,1.0,weekly==rw_daily,
SET_DAILY,A,b549f1b8-c6e8-42c9-a252-c12d77883611,8' X 8' UNBLEACHED MUSLIN RAG,8' X 8' UNBLEACHED MUSLIN RAG,0.0,45.0,45.0,88UMR,exact-code,1.0,weekly==rw_daily,
SET_DAILY,A,5034822f-b86c-4c06-81dc-3190f55ff996,104480,1K MICKEY MOLE HEAD - TYPE 4081,0.0,43.0,43.0,141521,exact-description,1.0,weekly==rw_daily,
SET_DAILY,A,2dfa3ed8-f6dc-48a7-8834-9ee3b2f72d90,104497,750W ARRI LITE PLUS OPEN FACE,0.0,43.0,43.0,141540,exact-description,1.0,weekly==rw_daily,
SET_DAILY,A,89a63dd2-c75e-417d-a184-fadd49a3641e,104481,MOLEPAR 1K HEAD - TYPE 2271,0.0,43.0,43.0,141711,exact-description,1.0,weekly==rw_daily,
SET_DAILY,A,f259d8ea-3af0-4bc7-9914-be4a6415f27f,4 WIRE CAMLOK CABLE BANDED 50',4 WIRE CAMLOK CABLE BANDED 50',0.0,43.0,43.0,460250,exact-code,1.0,weekly==rw_daily,
SET_DAILY,A,95e399d9-2aec-4421-b56c-ac2517369a63,6' X 6' GOLD GRIFFLON RAG,6' X 6' GOLD GRIFFLON RAG,0.0,40.0,40.0,66GGR,exact-code,1.0,weekly==rw_daily,
SET_DAILY,A,b397a3d2-d02c-4e3b-9b96-fd8e4d159730,6' X 6' GOLD LAME RAG,6' X 6' GOLD LAME RAG,0.0,40.0,40.0,66GLR,exact-code,1.0,weekly==rw_daily,
SET_DAILY,A,c3481ae7-e539-4583-808c-e802c9411f2a,6' X 6' SILVER & GOLD CHECKER RAG,6' X 6' SILVER & GOLD CHECKER RAG,0.0,40.0,40.0,66SGCR,exact-code,1.0,weekly==rw_daily,
SET_DAILY,A,c81c0c9a-6254-49d0-83ec-3795c3c123d2,6' X 6' SILVER GRIFFLON RAG,6' X 6' SILVER GRIFFLON RAG,0.0,40.0,40.0,66SGR,exact-code,1.0,weekly==rw_daily,
SET_DAILY,A,0dbdb631-19d3-4d14-90bf-df0c654ec992,6' X 6' SILVER LAME RAG,6' X 6' SILVER LAME RAG,0.0,40.0,40.0,66SLR,exact-code,1.0,weekly==rw_daily,
SET_DAILY,A,fd63ce32-3105-4923-9b38-4d099fcdf6c9,MENACE ARM KIT,MENACE ARM KIT,0.0,40.0,40.0,MAK,exact-code,1.0,weekly==rw_daily,
SET_DAILY,A,c85eeaf8-8a94-41a8-86c1-102499a691e7,SOCAPEX CABLE 100',SOCAPEX CABLE 100',0.0,35.0,35.0,487080,exact-code,1.0,weekly==rw_daily,
SET_DAILY,A,b226ddf7-ac08-4317-9620-911634f92f0d,6' X 6' BLEACHED MUSLIN RAG,6' X 6' BLEACHED MUSLIN RAG,0.0,35.0,35.0,66BMF,exact-code,1.0,weekly==rw_daily,
SET_DAILY,A,0ac288e2-2e5c-44e7-9cbc-6ee261e41835,6' X 6' BLACK/WHITE GRIFF. RAG,6' X 6' BLACK/WHITE GRIFF. RAG,0.0,35.0,35.0,66BWFR,exact-code,1.0,weekly==rw_daily,
SET_DAILY,A,61383714-6897-4acc-89ff-5a4f114c995f,6' X 6' DOUBLE NET RAG,6' X 6' DOUBLE NET RAG,0.0,35.0,35.0,66DNR,exact-code,1.0,weekly==rw_daily,
SET_DAILY,A,d5cd6fab-b4cc-4f2c-b298-1ff31cfe1c71,6' X 6' FULL GRID RAG,6' X 6' FULL GRID RAG,0.0,35.0,35.0,66FGR,exact-code,1.0,weekly==rw_daily,
SET_DAILY,A,ec99ae7c-7cc2-43cc-b184-842990da7c6e,6' X 6' LITE (1/2) GRID RAG,6' X 6' LITE (1/2) GRID RAG,0.0,35.0,35.0,66HGR,exact-code,1.0,weekly==rw_daily,
SET_DAILY,A,f0c0ed14-09b7-4342-a815-eec741c52a25,6' X 6' 1/2 SOFT FROST RAG,6' X 6' 1/2 SOFT FROST RAG,0.0,35.0,35.0,66HSFR,exact-code,1.0,weekly==rw_daily,
SET_DAILY,A,bb8324f3-0111-4466-a4a5-2fcd05e490ab,6' X 6' POLY SILK RAG,6' X 6' POLY SILK RAG,0.0,35.0,35.0,66PSR,exact-code,1.0,weekly==rw_daily,
SET_DAILY,A,edcd3463-3c20-41e5-867c-761751e570ee,6' X 6' QUARTER GRID RAG,6' X 6' QUARTER GRID RAG,0.0,35.0,35.0,66QGR,exact-code,1.0,weekly==rw_daily,
SET_DAILY,A,3c173ee3-900b-4e61-b567-c4c5967216e2,6' X 6' QUARTER SILK RAG,6' X 6' QUARTER SILK RAG,0.0,35.0,35.0,66QSR,exact-code,1.0,weekly==rw_daily,
SET_DAILY,A,4f736400-e976-4590-936d-b82ae632ed79,6' X 6' SOLID BLACK RAG,6' X 6' SOLID BLACK RAG,0.0,35.0,35.0,66SB,exact-code,1.0,weekly==rw_daily,
SET_DAILY,A,9311fdb1-9ffb-4ea5-b0a8-f511c01fba93,6' X 6' SINGLE NET RAG,6' X 6' SINGLE NET RAG,0.0,35.0,35.0,66SNR,exact-code,1.0,weekly==rw_daily,
SET_DAILY,A,c87c1db9-3323-4be7-8baa-76aa04b833fb,6' X 6' ULTRABOUNCE RAG,6' X 6' ULTRABOUNCE RAG,0.0,35.0,35.0,66UBR,exact-code,1.0,weekly==rw_daily,
SET_DAILY,A,6e80de49-cf63-4a6f-bab2-e1ad08c338c2,6' X 6' UNBLEACHED MUSLIN RAG,6' X 6' UNBLEACHED MUSLIN RAG,0.0,35.0,35.0,66UMR,exact-code,1.0,weekly==rw_daily,
SET_DAILY,A,ef4a6b01-7d7a-4cfa-ba41-68542d7938f1,104476,MINI MOLE HEAD - TYPE 2801 - INKIE,0.0,33.0,33.0,141031,exact-description,1.0,weekly==rw_daily,
SET_DAILY,A,a3248cc8-3109-4e6a-9b6c-0896073981a7,104479,MIDGET MOLE 200W HEAD - TYPE 2351,0.0,33.0,33.0,141041,exact-description,1.0,weekly==rw_daily,
SET_DAILY,A,b80fb3fb-c6c4-42b0-9b07-bfb6203f3c6c,104519,300W BETWEENIE HEAD - TYPE 3131,0.0,33.0,33.0,141059,exact-description,1.0,weekly==rw_daily,
SET_DAILY,A,32bee330-c2ad-41d2-9336-36396d397d37,104492,ARRI 300W HEAD,0.0,33.0,33.0,141080,exact-description,1.0,weekly==rw_daily,
SET_DAILY,A,2ead7827-703c-4355-b4f9-eac660822d5f,10' DOLLY TRACK SECTION (STEEL),10' DOLLY TRACK SECTION (STEEL),0.0,33.0,33.0,638450,exact-code,1.0,weekly==rw_daily,
SET_DAILY,A,6b0137b9-5e82-4657-a554-d05552a5b82b,STAND - MOMBO COMBO,STAND - MOMBO COMBO,0.0,33.0,33.0,STANDMOMB,exact-code,1.0,weekly==rw_daily,
SET_DAILY,A,ba566bb4-c659-4534-a347-021d61525c14,104493,2K VARIAC (AC) DIMMER,0.0,30.0,30.0,2KVD,exact-description,1.0,weekly==rw_daily,
SET_DAILY,A,16ca089e-7865-4747-bd33-5b0ade36070c,3 WIRE 100ft banded,3 WIRE 100ft banded,0.0,29.0,29.0,451175,exact-code,1.0,weekly==rw_daily,
SET_DAILY,A,f89e327d-55c6-4194-91cc-b8c1bd9cdb13,104536,ARRI 150W HEAD,0.0,27.0,27.0,141090,exact-description,1.0,weekly==rw_daily,
SET_DAILY,A,cae7b85e-dd05-4132-9f13-1800b4e65d80,8' DOLLY TRACK SECTION (STEEL),8' DOLLY TRACK SECTION (STEEL),0.0,27.0,27.0,638440,exact-code,1.0,weekly==rw_daily,
SET_DAILY,A,8751b6ea-a7eb-4024-9db5-34cbf29b283f,BASSO BLOCK SET - HALF (12 PER SET),BASSO BLOCK SET - HALF (12 PER SET),0.0,27.0,27.0,647090,exact-code,1.0,weekly==rw_daily,
SET_DAILY,A,8169611e-583c-4d2e-916e-d05ddf547b32,100A BATES CABLE EXTENSION 100',100A BATES CABLE EXTENSION 100',0.0,26.0,26.0,452080,exact-code,1.0,weekly==rw_daily,
SET_DAILY,A,9bd9fce9-3dac-403f-8be7-1ed036906a11,SOCAPEX CABLE 50',SOCAPEX CABLE 50',0.0,26.0,26.0,50-SOCA,exact-code,1.0,weekly==rw_daily,
SET_DAILY,A,cc6d9565-6d5b-45d7-a619-f64e1a9b2b91,104542,1K VARIAC (AC) DIMMER,0.0,25.0,25.0,1KVD,exact-description,1.0,weekly==rw_daily,
SET_DAILY,A,69016f85-512c-4ffa-ac10-2f8ede9aca52,100A BATES CABLE EXTENSION 50',100A BATES CABLE EXTENSION 50',0.0,22.0,22.0,452050,exact-code,1.0,weekly==rw_daily,
SET_DAILY,A,62627b1a-3beb-495f-bfb4-baf7236cdf64,100A 220V BATES CABLE EXTENSION 50',100A 220V BATES CABLE EXTENSION 50',0.0,22.0,22.0,452250,exact-code,1.0,weekly==rw_daily,
SET_DAILY,A,233d54a9-d960-47b8-a91a-848366c5e758,4' DOLLY TRACK SECTION (STEEL),4' DOLLY TRACK SECTION (STEEL),0.0,22.0,22.0,638420,exact-code,1.0,weekly==rw_daily,
SET_DAILY,A,cb988bba-ec8e-4798-8c4c-d3b5de560fde,"20' SPEEDRAIL PIPE 1-1/4""","20' SPEEDRAIL PIPE 1-1/4""",0.0,22.0,22.0,646250,exact-code,1.0,weekly==rw_daily,
SET_DAILY,A,b94b7160-fba2-4b0b-a465-8b3d0bbb1525,104512,STIRRUP HANGER 5' TO 10',0.0,22.0,22.0,810887,exact-description,1.0,weekly==rw_daily,
SET_DAILY,A,4156c9b9-c4ce-4b38-8188-dfef6ed07229,5K QUARTZ GLOBE (DPY),5K QUARTZ GLOBE (DPY),0.0,22.0,22.0,91140503,exact-code,1.0,weekly==rw_daily,
SET_DAILY,A,874a94e3-ddf6-433b-b7bd-d3ea5e0eff3c,4 WIRE CAMLOK CABLE BANDED 25',4 WIRE CAMLOK CABLE BANDED 25',0.0,20.0,20.0,25-4WIRE,exact-code,1.0,weekly==rw_daily,
SET_DAILY,A,ed2986ed-53ab-4c47-aeff-0ba34aeadb85,JR BOOM ARM,JR BOOM ARM,0.0,20.0,20.0,JBA,exact-code,1.0,weekly==rw_daily,
SET_DAILY,A,6e53377a-696a-491e-9e73-1cdd75d888da,104516,STIRRUP HANGER 4' TO 8',0.0,19.0,19.0,810886,exact-description,1.0,weekly==rw_daily,
SET_DAILY,A,f2966bdc-56aa-447d-8cab-66c3d7160a17,SOCAPEX CABLE 25',SOCAPEX CABLE 25',0.0,18.0,18.0,25-SOCA,exact-code,1.0,weekly==rw_daily,
SET_DAILY,A,0993ac73-cd40-4657-9cd7-6628c9299650,100A BATES CABLE EXTENSION 25',100A BATES CABLE EXTENSION 25',0.0,17.0,17.0,25-100AB,exact-code,1.0,weekly==rw_daily,
SET_DAILY,A,74dd0bb8-e88d-4c76-bf8e-9bd9bc136b9e,100A 220V BATES CABLE EXTENSION 25',100A 220V BATES CABLE EXTENSION 25',0.0,17.0,17.0,25-220VB,exact-code,1.0,weekly==rw_daily,
SET_DAILY,A,a9c27a8c-9238-4cbd-bf28-af44d50c6c61,60A BATES CABLE EXTENSION 50',60A BATES CABLE EXTENSION 50',0.0,17.0,17.0,452150,exact-code,1.0,weekly==rw_daily,
SET_DAILY,A,b4a336d1-cd9a-438f-8b86-a73a856fa069,100' DMX 5-PIN CABLE,100' DMX 5-PIN CABLE,0.0,17.0,17.0,486080,exact-code,1.0,weekly==rw_daily,
SET_DAILY,A,65a4776c-9a82-48d9-a70e-a9eb7a4b7e1f,104515,STIRRUP HANGER 3' TO 6',0.0,17.0,17.0,810885,exact-description,1.0,weekly==rw_daily,
SET_DAILY,A,aa5271f7-e2c4-4a0b-8016-d0965be39a2d,"24"" X 72"" SOLID CUTTER","24"" X 72"" SOLID CUTTER",0.0,15.0,15.0,2472SC,exact-code,1.0,weekly==rw_daily,
SET_DAILY,A,2b3b76c4-7e73-4f48-83c1-4d512f6f227d,4' X 4' FULL GRID RAG,4' X 4' FULL GRID RAG,0.0,15.0,15.0,44FGR,exact-code,1.0,weekly==rw_daily,
SET_DAILY,A,441583d1-36be-4dfb-813c-dfcc699deb9d,4' X 4' 1/2 GRID RAG,4' X 4' 1/2 GRID RAG,0.0,15.0,15.0,44HGR,exact-code,1.0,weekly==rw_daily,
SET_DAILY,A,08ba4020-57d5-4450-8d6a-8ba68279c1fd,4' X 4' 1/2 SOFT FROST RAG,4' X 4' 1/2 SOFT FROST RAG,0.0,15.0,15.0,44HSFR,exact-code,1.0,weekly==rw_daily,
SET_DAILY,A,02ef591f-7e33-4d30-b34d-eaa942db7520,4' X 4' POLY SILK RAG,4' X 4' POLY SILK RAG,0.0,15.0,15.0,44PSR,exact-code,1.0,weekly==rw_daily,
SET_DAILY,A,ee2093f8-f8b5-4842-959c-865607094851,4' X 4' SILVER LAME RAG,4' X 4' SILVER LAME RAG,0.0,15.0,15.0,44SLR,exact-code,1.0,weekly==rw_daily,
SET_DAILY,A,5160b4fb-40d8-4752-ba73-8a0f31828f2b,60A BATES CABLE EXTENSION 25',60A BATES CABLE EXTENSION 25',0.0,13.0,13.0,25-60AB,exact-code,1.0,weekly==rw_daily,
SET_DAILY,A,e2f1bb8c-a43d-4409-862e-649e5e9dfeef,50' DMX 5-PIN CABLE,50' DMX 5-PIN CABLE,0.0,13.0,13.0,486050,exact-code,1.0,weekly==rw_daily,
SET_DAILY,A,9c40352b-bb6b-45ed-b009-3ce754d8c423,"12' SPEEDRAIL PIPE 1-1/4""","12' SPEEDRAIL PIPE 1-1/4""",0.0,13.0,13.0,646200,exact-code,1.0,weekly==rw_daily,
SET_DAILY,A,3a27d44c-ad09-4b4d-810b-9c46f9f865d1,CARDELLINI CLAMP CENTER JAW,CARDELLINI CLAMP CENTER JAW,0.0,13.0,13.0,810870,exact-code,1.0,weekly==rw_daily,
SET_DAILY,A,ef8df81d-e6bc-44d3-9e95-785000ca7322,CARDELLINI CLAMP END JAW,CARDELLINI CLAMP END JAW,0.0,13.0,13.0,810880,exact-code,1.0,weekly==rw_daily,
SET_DAILY,A,101e0b88-4e45-45aa-8d6c-5665e1d5213d,SPEED C-CLAMP 1ﬂ,SPEED C-CLAMP 1ﬂ,0.0,13.0,13.0,810990,exact-code,1.0,weekly==rw_daily,
SET_DAILY,A,9d348d8e-0823-44fc-8253-3f4deffd560b,2K QUARTZ GLOBE (CYX),2K QUARTZ GLOBE (CYX),0.0,13.0,13.0,91140703,exact-code,1.0,weekly==rw_daily,
SET_DAILY,A,fa3a3159-2fa3-4915-aecc-688215709b33,CAMLOK SOFT 3-FER - (M/FFF),CAMLOK SOFT 3-FER - (M/FFF),0.0,13.0,13.0,S3,exact-code,1.0,weekly==rw_daily,
SET_DAILY,A,b8229977-af64-4e10-926e-ee384249b0ef,CAMLOK SOFT 3-FER GROUND,CAMLOK SOFT 3-FER GROUND,0.0,13.0,13.0,S3G,exact-code,1.0,weekly==rw_daily,
SET_DAILY,A,0a3fce8e-8764-47bd-a7ff-db330f0cd4ae,"24"" X 48"" SINGLE MEAT AXE T-FLAG","24"" X 48"" SINGLE MEAT AXE T-FLAG",0.0,12.0,12.0,2448SMAF,exact-code,1.0,weekly==rw_daily,
SET_DAILY,A,92269789-2d64-400a-a2e7-f103a68e376e,BOX OF WEDGES,BOX OF WEDGES,0.0,12.0,12.0,647000,exact-code,1.0,weekly==rw_daily,
SET_DAILY,A,093b12c4-901c-4ffc-879f-b8fc29b2fb6d,PULLY FIXED 1/2,PULLY FIXED 1/2,0.0,12.0,12.0,PF1-2,exact-code,1.0,weekly==rw_daily,
SET_DAILY,A,9cec3976-0cfc-4a24-bf0b-8309e50e56ce,PULLY FIXED 3/8,PULLY FIXED 3/8,0.0,12.0,12.0,PF3-8,exact-code,1.0,weekly==rw_daily,
SET_DAILY,A,c84c7b33-208d-4e8d-9df7-2ba3bc3345bb,PULLY SWIVEL 1/2,PULLY SWIVEL 1/2,0.0,12.0,12.0,PS1-2,exact-code,1.0,weekly==rw_daily,
SET_DAILY,A,ae7aaa9a-c414-434c-ba3d-f3b5b392c226,PULLY SWIVEL 3/8,PULLY SWIVEL 3/8,0.0,12.0,12.0,PS3-8,exact-code,1.0,weekly==rw_daily,
SET_DAILY,A,d0a1f423-dfeb-4ba6-9387-7f87dbbf43f1,2' X 4' DOUBLE MEAT AX FLAG,2' X 4' DOUBLE MEAT AX FLAG,0.0,11.0,11.0,24DMAF,exact-code,1.0,weekly==rw_daily,
SET_DAILY,A,98bb3df7-5a1f-46ab-a39d-59327f5aaa88,4' X 4' BLACK WHITE GRIFF FLAG,4' X 4' BLACK WHITE GRIFF FLAG,0.0,11.0,11.0,44BWGF,exact-code,1.0,weekly==rw_daily,
SET_DAILY,A,f3be3e95-2ccc-446f-b926-b016844984e4,4' X 4' GOLD LEAF,4' X 4' GOLD LEAF,0.0,11.0,11.0,44GL,exact-code,1.0,weekly==rw_daily,
SET_DAILY,A,843042f2-8064-4a1a-b68f-877329368a21,25' DMX 5-PIN CABLE,25' DMX 5-PIN CABLE,0.0,11.0,11.0,486025,exact-code,1.0,weekly==rw_daily,
SET_DAILY,A,a2e28a97-cf3c-49e6-9953-5f6e311fddb0,"10' SPEEDRAIL PIPE 1-1/4""","10' SPEEDRAIL PIPE 1-1/4""",0.0,11.0,11.0,646190,exact-code,1.0,weekly==rw_daily,
SET_DAILY,A,4293e8f5-3a50-4cf2-9d17-13639a60776c,"TRIANGULAR TRUSS MAKER 1-1/4""","TRIANGULAR TRUSS MAKER 1-1/4""",0.0,11.0,11.0,646710,exact-code,1.0,weekly==rw_daily,
SET_DAILY,A,84490611-0875-4e50-8639-d713caad404c,BOX OF 2 X 4 CRIBBING,BOX OF 2 X 4 CRIBBING,0.0,11.0,11.0,647010,exact-code,1.0,weekly==rw_daily,
SET_DAILY,A,7d6fc6fc-7be7-4180-a415-9edc9a09a641,BOX OF 1 X 3 CRIBBING,BOX OF 1 X 3 CRIBBING,0.0,11.0,11.0,647025,exact-code,1.0,weekly==rw_daily,
SET_DAILY,A,51bc0eb5-82db-47a9-a54e-a21cd7c7b438,BOX OF 4ﬂ X 4ﬂ CRIBBING,BOX OF 4ﬂ X 4ﬂ CRIBBING,0.0,11.0,11.0,647050,exact-code,1.0,weekly==rw_daily,
SET_DAILY,A,3ef7a923-9eb7-42b3-8eab-2e26028feac3,CUP BLOCKS HOLDER (12 PER SET),CUP BLOCKS HOLDER (12 PER SET),0.0,11.0,11.0,647060,exact-code,1.0,weekly==rw_daily,
SET_DAILY,A,dfdcd0b5-cf07-4721-8e03-3f4fd141da1a,MEAT AXE,MEAT AXE,0.0,11.0,11.0,MA,exact-code,1.0,weekly==rw_daily,
SET_DAILY,A,6bc152ae-bd69-4796-83da-4121687c9010,"18"" X 48"" SOLID CUTTER","18"" X 48"" SOLID CUTTER",0.0,10.0,10.0,1848SC,exact-code,1.0,weekly==rw_daily,
SET_DAILY,A,be3019bf-eaf2-445f-9819-8c85d51bc4bb,"24""  X 60"" SOLID CUTTER","24""  X 60"" SOLID CUTTER",0.0,10.0,10.0,2460SC,exact-code,1.0,weekly==rw_daily,
SET_DAILY,A,d3ea64a3-535f-455b-ab3f-d29acbd6d5cd,4' X 4' BLEACHED MUSLIN FLAG,4' X 4' BLEACHED MUSLIN FLAG,0.0,10.0,10.0,44BMF,exact-code,1.0,weekly==rw_daily,
SET_DAILY,A,91bb4d2c-1174-4c86-8407-71ffc458c7a7,4' X 4' CELLO CUCOLORIS,4' X 4' CELLO CUCOLORIS,0.0,10.0,10.0,44CC,exact-code,1.0,weekly==rw_daily,
SET_DAILY,A,1047df8e-31e2-43eb-ad2f-36c639d5f6f8,4' X 4' SILVER LEAF,4' X 4' SILVER LEAF,0.0,10.0,10.0,44SL,exact-code,1.0,weekly==rw_daily,
SET_DAILY,A,3409a387-8ead-4f00-9e48-51cc7549bb30,4' X 4' UNBLEACHED MUSLIN FLAG,4' X 4' UNBLEACHED MUSLIN FLAG,0.0,10.0,10.0,44UMF,exact-code,1.0,weekly==rw_daily,
SET_DAILY,A,06bc075a-f559-43a6-8d7c-5d07b381b456,4' X 4' WOOD CUCOLORIS,4' X 4' WOOD CUCOLORIS,0.0,10.0,10.0,44WC,exact-code,1.0,weekly==rw_daily,
SET_DAILY,A,0a363293-5236-41a7-bfc1-767bae8ad7bb,"48"" X 48"" DOUBLE NET FLAG","48"" X 48"" DOUBLE NET FLAG",0.0,10.0,10.0,4848DNF,exact-code,1.0,weekly==rw_daily,
SET_DAILY,A,6bd2b0a0-cf57-4fa9-8e76-d88a2cb01a8f,"48"" X 48"" EMPTY FRAME","48"" X 48"" EMPTY FRAME",0.0,10.0,10.0,4848EF,exact-code,1.0,weekly==rw_daily,
SET_DAILY,A,28a2fad3-2a0e-4fcf-9f85-bccda1c69c5e,48' X 48' SOLID FLAG,48' X 48' SOLID FLAG,0.0,10.0,10.0,4848SFF,fuzzy-code,0.96,weekly==rw_daily,also RW: 4848SOLID
SET_DAILY,A,0480c945-f6ed-406b-8802-456ad2721e7e,"48"" X 48"" SINGLE NET FLAG","48"" X 48"" SINGLE NET FLAG",0.0,10.0,10.0,4848SNF,exact-code,1.0,weekly==rw_daily,
SET_DAILY,A,4bb664ea-3297-45e8-b945-0bd77a925a5d,"48"" X 48"" ULTRABOUNCE","48"" X 48"" ULTRABOUNCE",0.0,10.0,10.0,4848UB,exact-code,1.0,weekly==rw_daily,
SET_DAILY,A,64e8bc09-9243-4cc4-b076-0e120fb3b7a6,ShotBags - 20lbs,ShotBags - 20lbs,0.0,9.0,9.0,638030,exact-code,1.0,weekly==rw_daily,
SET_DAILY,A,d376d139-28d0-42c2-b4cc-00dfd35800a1,"8' SPEEDRAIL PIPE 1-1/4""","8' SPEEDRAIL PIPE 1-1/4""",0.0,9.0,9.0,646170,exact-code,1.0,weekly==rw_daily,
SET_DAILY,A,53430fab-584c-4802-a032-a5a995a69955,SOLID CHEESEBORO CLAMP (STEEL),SOLID CHEESEBORO CLAMP (STEEL),0.0,9.0,9.0,810700,exact-code,1.0,weekly==rw_daily,
SET_DAILY,A,0ecac413-d946-4d46-9cca-a54cfc42989f,SWIVEL CHEESEBORO CLAMP (STEEL),SWIVEL CHEESEBORO CLAMP (STEEL),0.0,9.0,9.0,810720,exact-code,1.0,weekly==rw_daily,
SET_DAILY,A,7647dab6-01be-433f-a096-111ef2eecdec,GRID CLAMP W/JR. RECEIVER - HORIZONTAL,GRID CLAMP W/JR. RECEIVER - HORIZONTAL,0.0,9.0,9.0,810840,exact-code,1.0,weekly==rw_daily,
SET_DAILY,A,5103bd4a-0b08-41d5-933f-727b96f90524,GRID CLAMP W/ BABY RECEIVER,GRID CLAMP W/ BABY RECEIVER,0.0,9.0,9.0,810845,exact-code,1.0,weekly==rw_daily,
SET_DAILY,A,2eb94f96-fcb4-48ec-9db1-70533990db89,GRID CLAMP W/EAR,GRID CLAMP W/EAR,0.0,9.0,9.0,810850,exact-code,1.0,weekly==rw_daily,
SET_DAILY,A,0c09783c-d361-48a6-90a1-7b2551dce81b,BIG BEN CLAMP,BIG BEN CLAMP,0.0,9.0,9.0,810865,exact-code,1.0,weekly==rw_daily,
SET_DAILY,A,9bd2e0fb-300d-4496-b387-f67273f5bce7,10ﬂ C-CLAMP W/PIN,10ﬂ C-CLAMP W/PIN,0.0,9.0,9.0,811150,exact-code,1.0,weekly==rw_daily,
SET_DAILY,A,2cfedc97-2ea9-442e-8d81-1ae3ce2cd0a9,"12"" C-CLAMP W/PIN","12"" C-CLAMP W/PIN",0.0,9.0,9.0,811160,exact-code,1.0,weekly==rw_daily,
SET_DAILY,A,66001f23-c69d-4fbc-9c6c-39c5382a9f0c,10ﬂ C-CLAMP W/JR. RECEIVER,10ﬂ C-CLAMP W/JR. RECEIVER,0.0,9.0,9.0,811200,exact-code,1.0,weekly==rw_daily,
SET_DAILY,A,dbe1da8f-f291-46cb-8725-15e53d43f879,JR. OFFSET ARM,JR. OFFSET ARM,0.0,9.0,9.0,812360,exact-code,1.0,weekly==rw_daily,
SET_DAILY,A,2e03a02d-3b8d-490b-a48f-ea05e6fbe546,BABY OFFSET ARM,BABY OFFSET ARM,0.0,9.0,9.0,812370,exact-code,1.0,weekly==rw_daily,
SET_DAILY,A,07b35cab-ae48-4a57-bbc7-07ae590c4338,2K GLOBE (FEY),2K GLOBE (FEY),0.0,9.0,9.0,91140705,exact-code,1.0,weekly==rw_daily,
SET_DAILY,A,8b79d498-8c95-4b60-b709-bda6fd7bb879,1K QUARTZ GLOBE (EGT),1K QUARTZ GLOBE (EGT),0.0,9.0,9.0,91141003,exact-code,1.0,weekly==rw_daily,
SET_DAILY,A,5f164f0f-b2e4-4155-8191-7c66760514ad,50' EDISON CABLE (STINGER),50' EDISON CABLE (STINGER),0.0,9.0,9.0,STINGER50,exact-code,1.0,weekly==rw_daily,
SET_DAILY,A,c61fc72c-6311-467b-a7b8-5e8827cc99fe,10' DMX 5-PIN CABLE,10' DMX 5-PIN CABLE,0.0,8.0,8.0,486010,exact-code,1.0,weekly==rw_daily,
SET_DAILY,A,b5fd38aa-471b-4bf6-ad1f-5dddcd90a7ae,"LADDER TRUSS BRACKET 1 1/4""","LADDER TRUSS BRACKET 1 1/4""",0.0,8.0,8.0,646725,exact-code,1.0,weekly==rw_daily,
SET_DAILY,A,e8ce908b-3408-4e7a-8552-3b6eb22145c2,24ﬂ FURNITURE CLAMP,24ﬂ FURNITURE CLAMP,0.0,8.0,8.0,810920,exact-code,1.0,weekly==rw_daily,
SET_DAILY,A,b0d04b4b-3e43-4f5f-8df8-9211ca3b99fc,"4""C-CLAMP W/PIN","4""C-CLAMP W/PIN",0.0,8.0,8.0,811120,exact-code,1.0,weekly==rw_daily,
SET_DAILY,A,7302492c-cf5d-4821-871b-3f0dd43a8d4e,"6""C-CLAMP W/PIN","6""C-CLAMP W/PIN",0.0,8.0,8.0,811130,exact-code,1.0,weekly==rw_daily,
SET_DAILY,A,44a30c8a-ddcf-4b6f-bbea-dd860a9fd7f2,"8""C-CLAMP W/PIN","8""C-CLAMP W/PIN",0.0,8.0,8.0,811140,exact-code,1.0,weekly==rw_daily,
SET_DAILY,A,3315ba3f-1cfa-4c33-9fa9-300e8afb34d4,4ﬂ C-CLAMP W/JR. RECEIVER,4ﬂ C-CLAMP W/JR. RECEIVER,0.0,8.0,8.0,811170,exact-code,1.0,weekly==rw_daily,
SET_DAILY,A,b1494a63-5874-4559-bce8-50cdea47dfeb,"6""C-CLAMP W/JR. RECEIVER","6""C-CLAMP W/JR. RECEIVER",0.0,8.0,8.0,811180,exact-code,1.0,weekly==rw_daily,
SET_DAILY,A,9fbbdad4-5e80-4afb-b0e0-ea57a3c31b60,8ﬂ C-CLAMP W/JR. RECEIVER,8ﬂ C-CLAMP W/JR. RECEIVER,0.0,8.0,8.0,811190,exact-code,1.0,weekly==rw_daily,also RW: 8CLAMPJR
SET_DAILY,A,2e2a0cfa-895d-4615-b7cf-5033c9aa22e4,CHAIN VISE GRIP,CHAIN VISE GRIP,0.0,8.0,8.0,812180,exact-code,1.0,weekly==rw_daily,
SET_DAILY,A,d9f5d95d-73b3-4c73-bee7-d3b6b02af03d,CHAIN VISE GRIP W/PIN,CHAIN VISE GRIP W/PIN,0.0,8.0,8.0,812190,exact-code,1.0,weekly==rw_daily,
SET_DAILY,A,49a6e68c-9e55-43ef-adea-7cb00324fae2,JR. NAIL-ON PLATE,JR. NAIL-ON PLATE,0.0,8.0,8.0,812400,exact-code,1.0,weekly==rw_daily,
SET_DAILY,A,d7510484-57cf-4a16-8244-34b6c65ca56a,JR. PIPE HANGER - CLAMP,JR. PIPE HANGER - CLAMP,0.0,8.0,8.0,812510,exact-code,1.0,weekly==rw_daily,
SET_DAILY,A,a045da00-9c00-406f-8d4c-02b524f89931,1K GLOBE (DXW),1K GLOBE (DXW),0.0,8.0,8.0,91141012,exact-code,1.0,weekly==rw_daily,
SET_DAILY,A,ffba3be2-1b4f-4c5a-bfb4-5048336b8d4a,650W GLOBE (FRK),650W GLOBE (FRK),0.0,8.0,8.0,91141100,exact-code,1.0,weekly==rw_daily,
SET_DAILY,A,31a5ad3c-60e3-4705-80a1-fff369d37ca6,420W GLOBE (EKB),420W GLOBE (EKB),0.0,8.0,8.0,91141140,exact-code,1.0,weekly==rw_daily,
SET_DAILY,A,3ee3ade4-ceb4-412b-91ca-91cbb602d42f,200W GLOBE (FEV),200W GLOBE (FEV),0.0,8.0,8.0,91141411,exact-code,1.0,weekly==rw_daily,
SET_DAILY,A,c289b78b-a1b0-4f66-b51e-fd11a061334f,300W GLOBE (FKW),300W GLOBE (FKW),0.0,8.0,8.0,91141415,exact-code,1.0,weekly==rw_daily,
SET_DAILY,A,576ccd7c-be23-4549-b085-fa5a2094de59,REGULAR 407 1K SCRIM (5-PIECE SET),REGULAR 407 1K SCRIM (5-PIECE SET),0.0,8.0,8.0,91197000,exact-code,1.0,weekly==rw_daily,
SET_DAILY,A,aafe6d5a-93dd-48bd-b574-610ff9ade2c1,BABY BABY 1K SCRIM (5-PIECE SET),BABY BABY 1K SCRIM (5-PIECE SET),0.0,8.0,8.0,91197010,exact-code,1.0,weekly==rw_daily,
SET_DAILY,A,e6e3d23d-3d21-44d6-9431-57a417715845,FLEX ARM EXTENTION,FLEX ARM EXTENTION,0.0,8.0,8.0,FA,exact-code,1.0,weekly==rw_daily,
SET_DAILY,A,b42eb9de-fd93-42fa-abfc-c8c7a04596f3,FLEX ARM,FLEX ARM,0.0,8.0,8.0,FAE,exact-code,1.0,weekly==rw_daily,
SET_DAILY,A,eaa54798-5d1b-4851-9722-3ba157625e77,2 1/2 GOBO HEAD,2 1/2 GOBO HEAD,0.0,8.0,8.0,GH,exact-code,1.0,weekly==rw_daily,
SET_DAILY,A,40f67d68-d47a-45b4-83a9-27cd29bb4266,2' X 4' WALL SPREADER,2' X 4' WALL SPREADER,0.0,8.0,8.0,WS2-4,exact-code,1.0,weekly==rw_daily,
SET_DAILY,A,660e1a75-a307-4bf9-89b1-b0b00dc6e27b,3' SPANSET,3' SPANSET,0.0,7.0,7.0,3SPANSET,exact-code,1.0,weekly==rw_daily,
SET_DAILY,A,7aabd8b4-8188-4b51-9887-099897d4fe15,4' X 4' BEADBOARD GOLD / WHITE,4' X 4' BEADBOARD GOLD / WHITE,0.0,7.0,7.0,4X4BBG,exact-code,1.0,weekly==rw_daily,
SET_DAILY,A,7832498e-e7f7-4a17-8169-a0a48b44de11,4' X 4' BEADBOARD SILVER / WHITE,4' X 4' BEADBOARD SILVER / WHITE,0.0,7.0,7.0,4X4BBS,exact-code,1.0,weekly==rw_daily,
SET_DAILY,A,5134abb3-ead1-4614-bca0-2ef0105c6828,4' X 4' BEADBOARD WHITE / WHITE,4' X 4' BEADBOARD WHITE / WHITE,0.0,7.0,7.0,4X4BBW,exact-code,1.0,weekly==rw_daily,
SET_DAILY,A,633b1376-32a5-4e09-9281-e8ecd519209e,"6' SPEEDRAIL PIPE 1-1/4""","6' SPEEDRAIL PIPE 1-1/4""",0.0,7.0,7.0,646150,exact-code,1.0,weekly==rw_daily,
SET_DAILY,A,66ff3502-5a6a-403a-abf9-d5e58e5eac6e,MAFER CLAMP,MAFER CLAMP,0.0,7.0,7.0,810770,exact-code,1.0,weekly==rw_daily,
SET_DAILY,A,93e2f349-8914-4ef9-8571-af789afc4456,12ﬂ FURNITURE CLAMP,12ﬂ FURNITURE CLAMP,0.0,7.0,7.0,810900,exact-code,1.0,weekly==rw_daily,
SET_DAILY,A,bbe88719-bc62-47a3-8150-78fa5a959a95,18ﬂ FURNITURE CLAMP,18ﬂ FURNITURE CLAMP,0.0,7.0,7.0,810910,exact-code,1.0,weekly==rw_daily,
SET_DAILY,A,327135f4-3d76-4761-a6ce-c66e4fb4625f,BEADBOARD CLAMP HOLDER - DUCKBILL,BEADBOARD CLAMP HOLDER - DUCKBILL,0.0,7.0,7.0,812170,exact-code,1.0,weekly==rw_daily,
SET_DAILY,A,0d50b649-c54d-4949-91c4-9b2a118bba2d,"BABY NAIL-ON PLATE 2""","BABY NAIL-ON PLATE 2""",0.0,7.0,7.0,812413,exact-code,1.0,weekly==rw_daily,
SET_DAILY,A,09ffa864-7ab8-412a-85de-cd529a5dcc97,BABY PIPE HANGER - CLAMP,BABY PIPE HANGER - CLAMP,0.0,7.0,7.0,812520,exact-code,1.0,weekly==rw_daily,
SET_DAILY,A,f81fff22-664e-40fd-a317-69c7f0dd98a9,SPEEDRAIL EAR 1 1/4ﬂ,SPEEDRAIL EAR 1 1/4ﬂ,0.0,7.0,7.0,814999,exact-code,1.0,weekly==rw_daily,
SET_DAILY,A,5b54c6fc-3424-467f-84ab-6235d8b6bfa0,"1"" SQUARE EAR","1"" SQUARE EAR",0.0,7.0,7.0,815000,exact-code,1.0,weekly==rw_daily,
SET_DAILY,A,9d6895f6-b18d-473f-8d6b-3c469c6f891f,"1 1/4"" SPEEDRAIL CORNER","1 1/4"" SPEEDRAIL CORNER",0.0,7.0,7.0,815042,exact-code,1.0,weekly==rw_daily,
SET_DAILY,A,d4f77901-ca37-4e95-b807-ee1c414f5ffd,575W HPL GLOBE,575W HPL GLOBE,0.0,7.0,7.0,91141119,exact-code,1.0,weekly==rw_daily,
SET_DAILY,A,7e605027-d9ee-435e-93b3-a56302d43988,750W HPL GLOBE,750W HPL GLOBE,0.0,7.0,7.0,91141120,exact-code,1.0,weekly==rw_daily,
SET_DAILY,A,58d85727-0786-41bc-b7ec-56cd8900fbd1,MIDGET SCRIM (5-PIECE SET),MIDGET SCRIM (5-PIECE SET),0.0,7.0,7.0,91197140,exact-code,1.0,weekly==rw_daily,
SET_DAILY,A,d82b7f96-4166-4d7f-afad-e47a0bbeaa5e,ARRI 300W SCRIM (5 PC SET),ARRI 300W SCRIM (5 PC SET),0.0,7.0,7.0,91197170,exact-code,1.0,weekly==rw_daily,
SET_DAILY,A,2e0630bd-925b-4a3e-b555-ef51afe30bd0,25' EDISON CABLE (STINGER),25' EDISON CABLE (STINGER),0.0,7.0,7.0,STINGER25,exact-code,1.0,weekly==rw_daily,
SET_DAILY,A,8f2a925d-002a-4ae8-82d8-70f467891bef,200 MIDGET BARN DOOR,200 MIDGET BARN DOOR,0.0,6.0,6.0,200-MDGTBD,exact-code,1.0,weekly==rw_daily,
SET_DAILY,A,02de3707-8a0d-4865-a4ce-e101276848e5,2X4 EAR FITTING,2X4 EAR FITTING,0.0,6.0,6.0,2EF,exact-code,1.0,weekly==rw_daily,
SET_DAILY,A,f8ed9397-9d66-40a4-9d58-d3eb75f2d361,5' DMX 5-PIN CABLE,5' DMX 5-PIN CABLE,0.0,6.0,6.0,486003,exact-code,1.0,weekly==rw_daily,
SET_DAILY,A,1008f08b-8e24-4ab6-ace0-1b65c0e85b00,DOT & FINGER BAG,DOT & FINGER BAG,0.0,6.0,6.0,632770,exact-code,1.0,weekly==rw_daily,
SET_DAILY,A,d9333bc6-fb4e-4061-888f-69601e718832,"5' SPEEDRAIL PIPE 1-1/4""","5' SPEEDRAIL PIPE 1-1/4""",0.0,6.0,6.0,646130,exact-code,1.0,weekly==rw_daily,
SET_DAILY,A,382dd3e5-473b-43e1-b277-8348d495bfe6,"SPEEDRAIL COUPLER 1 1/4""","SPEEDRAIL COUPLER 1 1/4""",0.0,6.0,6.0,646640,exact-code,1.0,weekly==rw_daily,
SET_DAILY,A,1dfbd218-754e-4fcf-8917-7090ea52997e,APPLE BOX - FULL,APPLE BOX - FULL,0.0,6.0,6.0,647110,exact-code,1.0,weekly==rw_daily,
SET_DAILY,A,13686eac-e044-426e-b413-da341969398d,APPLE BOX - HALF,APPLE BOX - HALF,0.0,6.0,6.0,647120,exact-code,1.0,weekly==rw_daily,
SET_DAILY,A,7e3e2544-3c26-4ce4-9cef-d8ca9a1441be,APPLE BOX - QUARTER,APPLE BOX - QUARTER,0.0,6.0,6.0,647130,exact-code,1.0,weekly==rw_daily,
SET_DAILY,A,02485604-bdaa-4e17-9611-3769aa97edbf,APPLE BOX - PANCAKE,APPLE BOX - PANCAKE,0.0,6.0,6.0,647140,exact-code,1.0,weekly==rw_daily,
SET_DAILY,A,d79c4b7f-d54f-446a-b95c-f9f08d31c64a,PUTTY KNIFE W/PIN,PUTTY KNIFE W/PIN,0.0,6.0,6.0,812090,exact-code,1.0,weekly==rw_daily,
SET_DAILY,A,a8e73f06-994f-4f78-8d39-47d083e03c12,"NORMS PIN (5/8"" PIN TO 3/8"" PIN)","NORMS PIN (5/8"" PIN TO 3/8"" PIN)",0.0,6.0,6.0,812470,exact-code,1.0,weekly==rw_daily,
SET_DAILY,A,e8fd3822-f474-4469-b7c1-84c00f3c43cf,DROP CEILING CLIP W/PIN - SCISSOR,DROP CEILING CLIP W/PIN - SCISSOR,0.0,6.0,6.0,813100,exact-code,1.0,weekly==rw_daily,
SET_DAILY,A,e27c1a4d-d9be-4c04-986c-99d03ccc959d,"1"" SQUARE COUPLER","1"" SQUARE COUPLER",0.0,6.0,6.0,815021,exact-code,1.0,weekly==rw_daily,
SET_DAILY,A,7527c9c4-b987-453a-b7bc-0afc45993bc1,150W GLOBE (ESP),150W GLOBE (ESP),0.0,6.0,6.0,91141416,exact-code,1.0,weekly==rw_daily,
SET_DAILY,A,588d0d95-0b7a-426b-821a-edbf3f71116a,LED TUBE POWER ADAPTER TO EDISON - SINGLE,LED TUBE POWER ADAPTER TO EDISON - SINGLE,0.0,6.0,6.0,9191205,fuzzy-code,0.96,weekly==rw_daily,
SET_DAILY,A,ebb215fd-f4cb-4c89-a777-868fadada86d,JR TO BABY ADAPTOR,JR TO BABY ADAPTOR,0.0,6.0,6.0,J-BA,exact-code,1.0,weekly==rw_daily,
SET_DAILY,A,5c98f983-67fa-493a-8537-d55a7153ed6d,JHOOK,JHOOK,0.0,6.0,6.0,JH,exact-code,1.0,weekly==rw_daily,
SET_DAILY,A,8b1ca495-e78d-40dc-9e05-ef0212d0b3e1,"24"" X 36"" DOUBLE NET FLAG","24"" X 36"" DOUBLE NET FLAG",0.0,5.5,5.5,2436DNF,exact-code,1.0,weekly==rw_daily,
SET_DAILY,A,c802ee10-8220-4c3b-bb94-61ef23fb0f99,"24"" X 36""  EMPTY FRAMES","24"" X 36""  EMPTY FRAMES",0.0,5.5,5.5,2436EF,exact-code,1.0,weekly==rw_daily,
SET_DAILY,A,605d1daa-596d-46ae-8ca0-7013bb7577cb,"24"" X 36"" SOLID FLAG","24"" X 36"" SOLID FLAG",0.0,5.5,5.5,2436SF,exact-code,1.0,weekly==rw_daily,
SET_DAILY,A,ed35b45b-135b-429e-bb63-e2828f1612e0,"24"" X 36"" SILK FLAG","24"" X 36"" SILK FLAG",0.0,5.5,5.5,2436SILK,exact-code,1.0,weekly==rw_daily,
SET_DAILY,A,5dd69711-b57e-410c-b034-13ebe38dca30,"24"" X 36"" SINGLE NET FLAG","24"" X 36"" SINGLE NET FLAG",0.0,5.5,5.5,2436SNF,exact-code,1.0,weekly==rw_daily,
SET_DAILY,A,0cb68029-3e76-492c-a549-c9b686304ab9,"24"" X 36""  WOOD CUCOLORIS","24"" X 36""  WOOD CUCOLORIS",0.0,5.5,5.5,2436WC,exact-code,1.0,weekly==rw_daily,
SET_DAILY,A,f979a29a-5b0c-430a-ae13-147af6247789,"18"" X 24""  CELLO CUCOLORIS","18"" X 24""  CELLO CUCOLORIS",0.0,5.0,5.0,1824CC,exact-code,1.0,weekly==rw_daily,
SET_DAILY,A,71a36bb6-6a51-4593-a621-ab30de3f19f2,"18"" X 24"" DOUBLE NET FLAG","18"" X 24"" DOUBLE NET FLAG",0.0,5.0,5.0,1824DNF,exact-code,1.0,weekly==rw_daily,
SET_DAILY,A,f48daa4f-53e4-45bf-8f22-bb299d05930e,"18"" X 24""  EMPTY FRAMES","18"" X 24""  EMPTY FRAMES",0.0,5.0,5.0,1824EF,exact-code,1.0,weekly==rw_daily,
SET_DAILY,A,fb6ef7ab-47f8-4629-a042-9ed5a9e6775a,"18 ""X 24""  SILK FLAG","18 ""X 24""  SILK FLAG",0.0,5.0,5.0,1824SF,exact-code,1.0,weekly==rw_daily,
SET_DAILY,A,70001fd2-f1a7-42d1-bb22-dcbd7ad8dda2,"18"" X 24"" SINGLE NET FLAG","18"" X 24"" SINGLE NET FLAG",0.0,5.0,5.0,1824SNF,exact-code,1.0,weekly==rw_daily,
SET_DAILY,A,cb3a69d7-0965-4327-9e92-ab4e775219a6,"18"" X 24"" SOLID FLAG","18"" X 24"" SOLID FLAG",0.0,5.0,5.0,1824SOLID,exact-code,1.0,weekly==rw_daily,
SET_DAILY,A,91427226-e5b6-4192-a38a-662e0aa9bea5,"18"" X 24""  WOOD CUCOLORIS","18"" X 24""  WOOD CUCOLORIS",0.0,5.0,5.0,1824WC,exact-code,1.0,weekly==rw_daily,
SET_DAILY,A,b42440c2-d107-4870-9efe-c214ced55dbb,"4' SPEEDRAIL PIPE 1-1/4""","4' SPEEDRAIL PIPE 1-1/4""",0.0,5.0,5.0,646110,exact-code,1.0,weekly==rw_daily,
SET_DAILY,A,f67b545a-eb55-490e-a6ef-c261bb774e86,"2 1/2"" GRIP HEAD","2 1/2"" GRIP HEAD",0.0,5.0,5.0,812280,exact-code,1.0,weekly==rw_daily,
SET_DAILY,A,09792760-5c5c-45b6-a210-f661ace75dd3,"1""SQUARE CORNER","1""SQUARE CORNER",0.0,5.0,5.0,815020,exact-code,1.0,weekly==rw_daily,
SET_DAILY,A,a8071a2c-a407-48e3-afe8-d59b45e1f637,1K GLOBE (FCM),1K GLOBE (FCM),0.0,5.0,5.0,91141005,exact-code,1.0,weekly==rw_daily,
SET_DAILY,A,d1f265e7-c371-474d-9aac-98fb8ad6076c,"3' SPEEDRAIL PIPE 1-1/4""","3' SPEEDRAIL PIPE 1-1/4""",0.0,4.0,4.0,646090,exact-code,1.0,weekly==rw_daily,
SET_DAILY,A,8c72268c-ade2-4b12-9778-7103cb517112,SPEED CLIP 1-1/4ﬂ (BLACK),SPEED CLIP 1-1/4ﬂ (BLACK),0.0,4.0,4.0,810980,exact-code,1.0,weekly==rw_daily,
SET_DAILY,A,a1bc598e-b19d-434b-85bf-bab3d79bfacf,GATOR GRIP CLAMP W/PIN,GATOR GRIP CLAMP W/PIN,0.0,4.0,4.0,813090,exact-code,1.0,weekly==rw_daily,
SET_DAILY,A,40127b1a-df65-4496-841c-c3075b045aee,#3 GRIP CLIP,#3 GRIP CLIP,0.0,4.0,4.0,GC3,exact-code,1.0,weekly==rw_daily,
SET_DAILY,A,1d90c046-5512-41e4-aa75-e63013a85ba8,SAFETY CABLE 3' (STEEL),SAFETY CABLE 3' (STEEL),0.0,3.0,3.0,560210,exact-code,1.0,weekly==rw_daily,
SET_DAILY,A,27c2bd2d-9621-4a12-b850-c3c20c87e977,"2' SPEEDRAIL PIPE 1-1/4""","2' SPEEDRAIL PIPE 1-1/4""",0.0,3.0,3.0,646070,exact-code,1.0,weekly==rw_daily,
SET_DAILY,A,33dee066-1da7-4b2d-bc3e-3c7fe53383c6,BABY GRID CLAMPS,BABY GRID CLAMPS,0.0,3.0,3.0,BGC,exact-code,1.0,weekly==rw_daily,
SET_DAILY,A,ad91c0bf-04a5-42a8-a670-ffc4889e22ad,BABY GRID CLAMPS WITH ERARS,BABY GRID CLAMPS WITH ERARS,0.0,3.0,3.0,BGCE,exact-code,1.0,weekly==rw_daily,
SET_DAILY,A,d30c7cef-7f7b-4c62-9a66-a46fe1d83ea1,#2 GRIP CLIP,#2 GRIP CLIP,0.0,3.0,3.0,GC2,exact-code,1.0,weekly==rw_daily,
SET_DAILY,A,dbbd0d49-cb29-4689-a4f7-fb42eec92f8b,BOLT ON PIPE CLAMP,BOLT ON PIPE CLAMP,0.0,3.0,3.0,PC,exact-code,1.0,weekly==rw_daily,
SET_DAILY,A,51abf108-b3cb-4ca0-9287-f5d6185274cd,STEEL DECK LEGS 18inch,STEEL DECK LEGS 18inch,0.0,3.0,3.0,SD18,exact-code,1.0,weekly==rw_daily,
SET_DAILY,A,0b05327e-1fa9-446f-aabf-6a6d59d7490a,STEEL DECK LEGS 2ft,STEEL DECK LEGS 2ft,0.0,3.0,3.0,SD2F,exact-code,1.0,weekly==rw_daily,
SET_DAILY,A,36a506b5-6ffa-472e-8cd6-26e347881210,STEEL DECK LEGS 3ft,STEEL DECK LEGS 3ft,0.0,3.0,3.0,SD3F,exact-code,1.0,weekly==rw_daily,
SET_DAILY,A,0ad23175-1e50-4d3d-a745-619f72caea75,STEEL DECK LEGS 4ft,STEEL DECK LEGS 4ft,0.0,3.0,3.0,SD4F,exact-code,1.0,weekly==rw_daily,
SET_DAILY,A,24849ff3-d167-452f-9ced-fa001f060753,STEEL DECK LEGS 1ft,STEEL DECK LEGS 1ft,0.0,3.0,3.0,SDLEG1,exact-code,1.0,weekly==rw_daily,
SET_DAILY,A,a242532a-7094-454b-b783-99a11de0cb8b,STEEL DECK LEGS 9inch,STEEL DECK LEGS 9inch,0.0,3.0,3.0,STD9,exact-code,1.0,weekly==rw_daily,
SET_DAILY,A,95b159ed-a8cf-4c56-b007-f9d060f19438,"1' SPEEDRAIL PIPE 1-1/4""","1' SPEEDRAIL PIPE 1-1/4""",0.0,2.0,2.0,646050,exact-code,1.0,weekly==rw_daily,
SET_DAILY,A,aed8570f-8331-4738-a4e4-58466b3e9fbc,CUP BLOCK (EACH),CUP BLOCK (EACH),0.0,2.0,2.0,647070,exact-code,1.0,weekly==rw_daily,
SET_DAILY,A,5adbd87c-7bb6-4bd2-b1f0-1b3acb00364f,STEEL DECK NUT & BOLT,STEEL DECK NUT & BOLT,0.0,0.5,0.5,636522,exact-code,1.0,weekly==rw_daily,
SET_DAILY,B,3d23e0b8-1a19-468b-b9cc-e36990bff60d,103908,"VEGALUX 300 10"" BI-COLOR",0.0,450.0,0.0,VEGALUX300,exact-description,1.0,,
SET_DAILY,B,70aedd70-0618-4440-be7f-96eee75888f6,ELECTROSTATIC SPRAYER CASE,ELECTROSTATIC SPRAYER CASE,0.0,250.0,750.0,ELECSC,exact-code,1.0,weekly==3x_daily,also RW: 9
SET_DAILY,B,c664d447-5ff5-4d87-b89e-3b61bdab6d57,Honda 7000 Watt Generator,Honda 7000 Watt Generator,0.0,225.0,675.0,GENE7K,exact-code,1.0,weekly==3x_daily,
SET_DAILY,B,3ad6d23e-584c-4cd1-8674-9aae7ba44731,104537,ARRILITE 5K HEAD,0.0,175.0,0.0,A5K,exact-description,1.0,,
SET_DAILY,B,99d80a89-cd32-4921-b74d-a7af0f28062d,104539,12K DIMMER (DMX),0.0,125.0,0.0,12KD,fuzzy-description,0.97,,
SET_DAILY,B,a29dca8b-445d-4220-8ed1-7e4287b44217,"Wireless Internet, Mifi Hotspot (AT&T)","Wireless Internet, Mifi Hotspot (AT&T)",0.0,99.0,325.0,MIFIA,exact-code,1.0,,
SET_DAILY,B,b17ee45b-12aa-4c22-bb13-ec717c96dc67,"Wireless Internet, MiFi Hotspot (Verizon)","Wireless Internet, MiFi Hotspot (Verizon)",0.0,99.0,325.0,MIFIV,exact-code,1.0,,also RW: MIFISPRINT
SET_DAILY,B,8c481d14-20f3-454c-8c68-543afc1d745c,104507,ASTERA BOX - ART7 RX/TX,0.0,75.0,0.0,ASTERA-RT7,fuzzy-description,0.96,,
SET_DAILY,B,96e781a2-de3f-4191-81f2-1261e722d5ea,104477,BABY 2K  MOLE HEAD,0.0,75.0,0.0,B2K,exact-description,1.0,,
SET_DAILY,B,e1f4ffab-0b6c-4d2a-925b-a903cb26130e,104483,BABY 10K  MOLE HEAD,0.0,70.0,0.0,B10KM,exact-description,1.0,,
SET_DAILY,B,5ba1811c-0e9b-4852-ba10-c908958bbdf8,Fan - Reel Effects II,Fan - Reel Effects II,0.0,65.0,195.0,FANRE,exact-code,1.0,weekly==3x_daily,
SET_DAILY,B,f92e713f-0090-461e-be59-603db58e068b,HANDWASHING STATION (40% OFF),HANDWASHING STATION (40% OFF),0.0,57.0,171.0,1,exact-code,1.0,weekly==3x_daily,
SET_DAILY,B,dd5cef3c-acf4-4696-9804-a2e5ebec1e2f,104478,"2K 8"" JUNIOR MOLE HEAD",0.0,55.0,0.0,82KJR,fuzzy-description,0.99,,
SET_DAILY,B,90b711f4-b87d-4947-a3ee-b28d41582f15,104482,2K MIGHTY MOLE HEAD - TYPE 4091,0.0,50.0,0.0,141501,exact-description,1.0,,
SET_DAILY,B,f61178a7-477e-4b52-b54a-a7fb51f6b368,DOORWAY DOLLY,DOORWAY DOLLY,0.0,50.0,150.0,638250,exact-code,1.0,weekly==3x_daily,
SET_DAILY,B,2391dbc9-7cb1-496b-bbca-ad2ddf6d9d50,Rosco 1900 Fogger,Rosco 1900 Fogger,0.0,50.0,150.0,FOG1900,exact-code,1.0,weekly==3x_daily,
SET_DAILY,B,ef1126e7-cdff-4c33-87ee-025b238fab5b,PRINTER - HP OFFICE JET PRO 8028e,PRINTER - HP OFFICE JET PRO 8028e,0.0,50.0,150.0,HP8028,exact-code,1.0,weekly==3x_daily,
SET_DAILY,B,28883004-0341-42c7-9f93-e7dcd18fe618,"Pressure Washer, Plug In","Pressure Washer, Plug In",0.0,40.0,120.0,PROD15,exact-code,1.0,weekly==3x_daily,also RW: UPWP
SET_DAILY,B,4a4a150a-ad67-4700-a7a2-b3bd43ca592d,"Caravan Canopy - 10' x 15' Tent, Grey","Caravan Canopy - 10' x 15' Tent, Grey",0.0,40.0,120.0,TENT1015G,exact-code,1.0,weekly==3x_daily,
SET_DAILY,B,c4bfc88e-6ea9-43b4-aada-d523f6a56ff7,4' x 8' Crash Pads,4' x 8' Crash Pads,0.0,30.0,90.0,CRASH4X8,exact-code,1.0,weekly==3x_daily,
SET_DAILY,B,d6f399cf-f735-49a7-a3f7-d42a78f9700f,MINI REFRIGERATOR,MINI REFRIGERATOR,0.0,30.0,90.0,MINIFRIDGE,exact-code,1.0,weekly==3x_daily,
SET_DAILY,B,e0855ec2-cdeb-4306-8aed-186d86111564,"First Aid Kit ""50 Person""","First Aid Kit ""50 Person""",0.0,25.0,75.0,1STAIDKIT,exact-code,1.0,weekly==3x_daily,also RW: UFIRSTAID
SET_DAILY,B,44c5fa42-29d1-4f7e-8bfd-91013492a4ca,Fold It Cart,Fold It Cart,0.0,25.0,75.0,FOLDITB,exact-code,1.0,weekly==3x_daily,
SET_DAILY,B,60554b5a-f68c-492f-a0e9-8997e11aeb89,Leaf Blower - Gas,Leaf Blower - Gas,0.0,25.0,75.0,LEAFG,exact-code,1.0,weekly==3x_daily,
SET_DAILY,B,1de0b106-1c5d-4702-86e2-efa5d5bf6ffe,"Caravan Canopy - 8' x '8 Tent, Black","Caravan Canopy - 8' x '8 Tent, Black",0.0,25.0,75.0,TENT88BL,exact-code,1.0,weekly==3x_daily,
SET_DAILY,B,327cd095-875e-491c-9c7c-98ee267c7c15,"UTAH - WORKLIGHT, DEWALT","UTAH - WORKLIGHT, DEWALT",0.0,25.0,75.0,UDEWALTLIG,exact-code,1.0,weekly==3x_daily,
SET_DAILY,B,49a100cf-4ffa-4b39-b5d4-e0e4c408fbb5,MICROWAVE,MICROWAVE,0.0,20.0,60.0,MICROWAVE,exact-code,1.0,weekly==3x_daily,
SET_DAILY,B,4b1320ea-9349-45fb-8630-3f0ed25d9591,"Super Shelf, Rolling, 9' 10"" L x 5' H","Super Shelf, Rolling, 9' 10"" L x 5' H",0.0,20.0,60.0,SS9,exact-code,1.0,weekly==3x_daily,
SET_DAILY,B,b89b2b8b-d589-45b6-bc44-6d7ebd1e3bc6,UTAH - TABLE TOP MAKE UP MIRROR,UTAH - TABLE TOP MAKE UP MIRROR,0.0,20.0,60.0,UHMTT,exact-code,1.0,weekly==3x_daily,
SET_DAILY,B,43294205-8df4-4ef8-b0cb-73ffa0dc239d,UTAH - WET/DRY SHOP VAC,UTAH - WET/DRY SHOP VAC,0.0,20.0,60.0,USHOPVAC,exact-code,1.0,weekly==3x_daily,
SET_DAILY,B,8dfc4d21-bee5-4a7b-8d6b-211d5ef3987e,Inverter - 300 Watt,Inverter - 300 Watt,0.0,15.0,45.0,150W,exact-code,1.0,weekly==3x_daily,
SET_DAILY,B,68732c8e-a9cb-46e8-ad52-d60c038bbaf6,HAND SANITIZING STATION (40% OFF),HAND SANITIZING STATION (40% OFF),0.0,15.0,45.0,2,exact-code,1.0,weekly==3x_daily,
SET_DAILY,B,930e453e-4a32-4b85-9f7d-36b222bdc658,Standard Boom Box,Standard Boom Box,0.0,15.0,30.0,BOOMBOX,exact-code,1.0,,
SET_DAILY,B,8ca06670-6252-47e7-9d10-f0d39aa0132c,Laundry Tub/Cart,Laundry Tub/Cart,0.0,15.0,45.0,LAUNDRYCLO,fuzzy-code,0.97,weekly==3x_daily,
SET_DAILY,B,ca884d43-b825-4313-9977-e9d269c5821d,Wet/Dry Shop Vacuum,Wet/Dry Shop Vacuum,0.0,15.0,60.0,SHOPVAC,exact-code,1.0,,
SET_DAILY,B,3e005a28-316f-492a-aa31-f31c0aba2ca9,Portable Pop Up Changing Tent,Portable Pop Up Changing Tent,0.0,12.0,36.0,CHANGETENT,exact-code,1.0,weekly==3x_daily,
SET_DAILY,B,bf8c0de3-c90c-47fe-9a81-220791878b46,"UTAH - RAMP (2-PC.) ADJUSTABLE LENGTH,","UTAH - RAMP (2-PC.) ADJUSTABLE LENGTH,",0.0,10.0,30.0,458137,exact-code,1.0,weekly==3x_daily,
SET_DAILY,B,483a06f5-4aa0-43d4-9d3f-a6a7903e2827,25' Cooling Hose w/bag,25' Cooling Hose w/bag,0.0,10.0,30.0,ACHOSECOLD,exact-code,1.0,weekly==3x_daily,
SET_DAILY,B,f7ef9d54-bfdc-4342-92f0-856ecaee0239,Motorola CP200d  UHF Radio (Digital),Motorola CP200d  UHF Radio (Digital),0.0,10.0,30.0,CP200D,exact-code,1.0,weekly==3x_daily,
SET_DAILY,B,4887b682-7768-4f61-a62e-ae1f3254ce78,"Director's Chair Cart, Rolling","Director's Chair Cart, Rolling",0.0,10.0,30.0,DCRR,exact-code,1.0,weekly==3x_daily,
SET_DAILY,B,52312d52-58f0-40f2-8d80-a290e51ceb08,104458,Dewalt - Flexvolt Charger,0.0,10.0,0.0,UDWCHA,fuzzy-description,0.97,,also RW: DWCHA
SET_DAILY,B,f640d0a7-17ee-4bce-bcc1-08bec9b06d85,Fan - Metal Utility,Fan - Metal Utility,0.0,10.0,30.0,FANMETAL,exact-code,1.0,weekly==3x_daily,
SET_DAILY,B,eea2d95b-f65c-4a25-8204-7aaf4844495e,Inverter - 250 Watt,Inverter - 250 Watt,0.0,10.0,30.0,INVERTER25,exact-code,1.0,weekly==3x_daily,
SET_DAILY,B,27ba8f78-cc7e-43b0-b572-5ce9b11c3a76,"4' x 8' x 3/4"" Plywood Rental","4' x 8' x 3/4"" Plywood Rental",0.0,10.0,30.0,PLYWD4X8,exact-code,1.0,weekly==3x_daily,
SET_DAILY,B,63b4e8c0-22d0-42e9-bef9-c983ebf8cc18,"Hudson Sprayer ""Pump""","Hudson Sprayer ""Pump""",0.0,10.0,30.0,PROD65,exact-code,1.0,weekly==3x_daily,
SET_DAILY,B,8eeb9258-ad9a-4fc9-a54a-e90ffd6614e4,"4' x 8' x 1"" Plywood Rental","4' x 8' x 1"" Plywood Rental",0.0,10.0,30.0,PW1,exact-code,1.0,weekly==3x_daily,
SET_DAILY,B,e9531692-68db-4caf-9a34-20cd961bfabc,Rubber Mat 3' x 10',Rubber Mat 3' x 10',0.0,10.0,30.0,RM3X10,exact-code,1.0,weekly==3x_daily,
SET_DAILY,B,5f0ef01e-e8ea-47b7-8d04-6c3e25ead855,Canopy Tent Sidewall - 10' White,Canopy Tent Sidewall - 10' White,0.0,10.0,30.0,TENTS10W,exact-code,1.0,weekly==3x_daily,
SET_DAILY,B,a5773551-0a8f-4249-937c-30c63fcfee6c,UTAH - MOTOROLA CP200 UHF (ANALOG),UTAH - MOTOROLA CP200 UHF (ANALOG),0.0,10.0,30.0,UCP200,exact-code,1.0,weekly==3x_daily,
SET_DAILY,B,7307e12e-f0a9-4341-90b0-26eafe0c3f94,UTAH - MOTOROLA CP200 UHF (DIGITAL),UTAH - MOTOROLA CP200 UHF (DIGITAL),0.0,10.0,30.0,UCP200D,fuzzy-code,0.95,weekly==3x_daily,
SET_DAILY,B,12ad9d75-4ba8-49a0-a77a-28f8effdc08d,UTAH - DIRECTOR'S CHAIR CART,UTAH - DIRECTOR'S CHAIR CART,0.0,10.0,30.0,UDCRR,exact-code,1.0,weekly==3x_daily,
SET_DAILY,B,daa42164-4efb-419d-93d8-feb9ddfe6154,8' Truck Shelf,8' Truck Shelf,0.0,8.0,24.0,8SHELF,exact-code,1.0,weekly==3x_daily,
SET_DAILY,B,aecf69e2-f801-4bc1-a4be-4a0737f0d25c,APPLE BOX - FULL (CHROMA GREEN),APPLE BOX - FULL (CHROMA GREEN),0.0,8.0,24.0,ABFCH,exact-code,1.0,weekly==3x_daily,
SET_DAILY,B,34b0aaa1-1e9b-4a22-966a-ba72e937e09e,"Mop, Bucket & Ringer","Mop, Bucket & Ringer",0.0,8.0,24.0,MOP,exact-code,1.0,weekly==3x_daily,
SET_DAILY,B,87ab36e5-e970-4881-b932-0f90fbcb745a,"Table Divider - 29.5"" W x 23.5"" H","Table Divider - 29.5"" W x 23.5"" H",0.0,7.0,21.0,TD,exact-code,1.0,weekly==3x_daily,
SET_DAILY,B,80f8f92e-9c00-4fc4-b259-ed7758c2454f,Heater - Dish (Electrical),Heater - Dish (Electrical),0.0,6.5,19.5,HEATERDISH,exact-code,1.0,weekly==3x_daily,
SET_DAILY,B,16c8eb00-cd12-450c-b4fa-3deebda50e1a,Extension Cord - 100',Extension Cord - 100',0.0,6.0,18.0,EXT100,exact-code,1.0,weekly==3x_daily,also RW: UEXT100
SET_DAILY,B,503b1a73-7a26-42dc-ac81-dcd345bd86de,Sledge Hammer 10 lbs,Sledge Hammer 10 lbs,0.0,6.0,18.0,HAMMER,exact-code,1.0,weekly==3x_daily,
SET_DAILY,B,3344b3ac-5de4-49d0-b166-ad4c7fb3c5ff,8' Table Linen - Black (Regular),8' Table Linen - Black (Regular),0.0,6.0,18.0,LINEN8B,exact-code,1.0,weekly==3x_daily,
SET_DAILY,B,4d425da8-ff15-48bf-998b-6bdc727b4f3a,6' Table (Fold In Half),6' Table (Fold In Half),0.0,6.0,18.0,TABLE6FIH,exact-code,1.0,weekly==3x_daily,also RW: UTABLE6FIH
SET_DAILY,B,69f5ed49-4573-412d-9864-2fa26a04b0bc,Canopy Tent Sidewall - 8' Black,Canopy Tent Sidewall - 8' Black,0.0,6.0,18.0,TENT8B,exact-code,1.0,weekly==3x_daily,
SET_DAILY,B,d5c0bb78-9a88-44ed-bee2-a4fc2f0e9a52,Canopy Tent Sidewall - 10' Blue,Canopy Tent Sidewall - 10' Blue,0.0,6.0,18.0,TENTS10,exact-code,1.0,weekly==3x_daily,
SET_DAILY,B,493e00a1-9c0a-4c50-97f4-423ef59d0130,Canopy Tent Sidewall - 10' Black,Canopy Tent Sidewall - 10' Black,0.0,6.0,18.0,TENTS10B,exact-code,1.0,weekly==3x_daily,also RW: UCS10BLACK
SET_DAILY,B,bfb292a5-d604-409e-a222-02093f79a1c3,Canopy Tent Sidewall - 15' Blue,Canopy Tent Sidewall - 15' Blue,0.0,6.0,18.0,TENTS15,exact-code,1.0,weekly==3x_daily,
SET_DAILY,B,94fa872f-ed9b-430c-85b2-2cee48e99147,Canopy Tent Sidewall - 15' black,Canopy Tent Sidewall - 15' black,0.0,6.0,18.0,TENTS15B,exact-code,1.0,weekly==3x_daily,
SET_DAILY,B,59eae49b-2e0c-4247-a5ad-cf26010a2868,Canopy Tent Sidewall - 8' White,Canopy Tent Sidewall - 8' White,0.0,6.0,18.0,TENTS8,exact-code,1.0,weekly==3x_daily,
SET_DAILY,B,4306c3a3-fc7a-47f2-919c-81f493cfaca0,UTAH - BOX FAN,UTAH - BOX FAN,0.0,6.0,18.0,UFANBOX,exact-code,1.0,weekly==3x_daily,
SET_DAILY,B,9c88fdad-1d73-45fe-adf7-3eb6ad5d33fc,6' Table Linen - Black (Regular),6' Table Linen - Black (Regular),0.0,5.0,15.0,6LINEN,exact-code,1.0,weekly==3x_daily,
SET_DAILY,B,afbce16c-3dd8-4093-9f9c-f3417cce411d,"Cone - 36"" Delineators","Cone - 36"" Delineators",0.0,5.0,15.0,CONE36D,exact-code,1.0,weekly==3x_daily,
SET_DAILY,B,3e1edd9f-394d-4589-872c-f880cd16d491,Dolly - Furniture (4 Wheel),Dolly - Furniture (4 Wheel),0.0,5.0,15.0,DOLLYL,fuzzy-code,0.96,weekly==3x_daily,
SET_DAILY,B,46f1aeca-0a77-4d7f-9148-9b9b87ef25d6,Extension Cord - 50',Extension Cord - 50',0.0,5.0,15.0,EXT50,exact-code,1.0,weekly==3x_daily,also RW: UEXT50
SET_DAILY,B,f5ac78fc-528b-42b0-a743-d2395052178c,LED Flashlight,LED Flashlight,0.0,5.0,15.0,FLASHLIGHT,exact-code,1.0,weekly==3x_daily,
SET_DAILY,B,d1ba341d-8111-4dc2-950a-10431b9e66b1,5 Gallon Gas Can,5 Gallon Gas Can,0.0,5.0,15.0,GASCAN,exact-code,1.0,weekly==3x_daily,also RW: UGASCA
SET_DAILY,B,f5c34027-3f3a-4a8d-afff-098df4f99ef7,6' Table Linen - Black (Stretch),6' Table Linen - Black (Stretch),0.0,5.0,15.0,LINEN6S,exact-code,1.0,weekly==3x_daily,
SET_DAILY,B,730f0916-31ed-48d5-957a-9c4c1d0eea30,"MICROPHONE, 3 PIN","MICROPHONE, 3 PIN",0.0,5.0,15.0,MIC,exact-code,1.0,weekly==3x_daily,
SET_DAILY,B,6d76cc1b-ef11-4176-8c19-782fc5e68ce3,Rubber Mat 3' x 5',Rubber Mat 3' x 5',0.0,5.0,15.0,RM3X5,exact-code,1.0,weekly==3x_daily,
SET_DAILY,B,e5407a61-6142-4c8d-bc30-4925c61c32c8,4' Table (Fold in Half),4' Table (Fold in Half),0.0,5.0,15.0,TABLE4F,exact-code,1.0,weekly==3x_daily,
SET_DAILY,B,4a9d0b8e-8b1a-4b59-ba5e-da89d8874028,4' Truck Shelf,4' Truck Shelf,0.0,4.0,12.0,4SHELF,exact-code,1.0,weekly==3x_daily,
SET_DAILY,B,a96ac49b-3f4d-469a-833e-748c419726aa,"Cone - 28""","Cone - 28""",0.0,3.0,9.0,CONE28,exact-code,1.0,weekly==3x_daily,
SET_DAILY,B,58a5b1fd-02f7-44d2-a74e-f18650359977,Extension Cord - 25',Extension Cord - 25',0.0,4.0,12.0,EXT25,exact-code,1.0,weekly==3x_daily,also RW: UEXT25
SET_DAILY,B,ade3f529-042b-441a-aba9-011194b70a15,4' Table Linen - Black (Stretch),4' Table Linen - Black (Stretch),0.0,4.0,12.0,LINEN4,exact-code,1.0,weekly==3x_daily,
SET_DAILY,B,f729aecd-6429-414d-9122-5d829c00dbbc,35 LB. SANDBAG,35 LB. SANDBAG,0.0,4.0,12.0,SB35,exact-code,1.0,weekly==3x_daily,
SET_DAILY,B,5438a584-72ad-4356-a0f5-608f24f52bbc,"Director's Chair Rack, Hanging","Director's Chair Rack, Hanging",0.0,3.0,9.0,DCRH,exact-code,1.0,weekly==3x_daily,
SET_DAILY,B,63f0e166-21e8-4f85-a55d-f1b04fc59eff,Headset w/ Boom Mic,Headset w/ Boom Mic,0.0,3.0,30.0,HSBM,exact-code,1.0,,
SET_DAILY,B,6731b7f6-8486-4048-a4f1-fa1ac989c93d,25 LB. SANDBAG,25 LB. SANDBAG,0.0,3.0,9.0,SB,exact-code,1.0,weekly==3x_daily,also RW: USB25
SET_DAILY,B,4702f7c2-0776-43ad-a413-8646b6ede287,Utility Tool Rack,Utility Tool Rack,0.0,3.0,9.0,TOOLRACK,exact-code,1.0,weekly==3x_daily,
SET_DAILY,B,0ca8aac4-eed5-459a-9c8f-d832981e5fa1,Trash Can (33 gal),Trash Can (33 gal),0.0,3.0,9.0,TRASHCAN,exact-code,1.0,weekly==3x_daily,also RW: UTRASHCAN
SET_DAILY,B,a0ef7b5d-d243-42af-b2ce-6e1c9d87eda9,Bungee Strap,Bungee Strap,0.0,2.0,6.0,BUNGEE,exact-code,1.0,weekly==3x_daily,also RW: UBUNGEE
SET_DAILY,B,5dae416f-7f9a-436e-bc5e-8e7d4efab131,"Cone - 18""","Cone - 18""",0.0,2.0,6.0,CONE18,exact-code,1.0,weekly==3x_daily,
SET_DAILY,B,02b1cc19-03e2-49c5-8540-6ff1f38a2f7b,Pruning Shears,Pruning Shears,0.0,2.0,6.0,PROD127,exact-code,1.0,weekly==3x_daily,
SET_DAILY,B,8e097fa5-0826-4e3d-b8e3-830e60571c81,Office Trash Can,Office Trash Can,0.0,2.0,6.0,TRASHO,exact-code,1.0,weekly==3x_daily,
SET_DAILY,B,40d17b1e-fc3f-4898-a4bc-ca07d277121c,D - Rings,D - Rings,0.0,1.0,3.0,DRINGS,exact-code,1.0,weekly==3x_daily,
SET_DAILY,B,2ade9d97-d45e-4f83-9bc8-a1767eb4616f,"Wardrobe Hanger 17"" Clear, Pant w/ Clip - Each","Wardrobe Hanger 17"" Clear, Pant w/ Clip - Each",0.0,0.5,1.5,HANGERP,exact-code,1.0,weekly==3x_daily,
SET_DAILY,B,dddb5dd5-925a-448c-b56c-f867c7cba9cb,"Wardrobe Hanger 17"" Clear, Shirt/Dress - Each","Wardrobe Hanger 17"" Clear, Shirt/Dress - Each",0.0,0.5,1.5,HANGERS,exact-code,1.0,weekly==3x_daily,
SKIP,B,,4' X 4' GOLD LEAF,,,,,44MRGL,,,,MIRROR/REFLECTOR (GOLD LEAF) variant vs plain 4x4 GOLD LEAF
SKIP,B,,4' X 4' SILVER LEAF,,,,,44MRSL,,,,MIRROR/REFLECTOR (SILVER LEAF) variant vs plain 4x4 SILVER LEAF
SKIP,B,,48' X 48' SOLID FLAG,,,,,44FWS,,,,SOLID FLOPPY WATER FLAG variant vs plain 48x48 SOLID FLAG
SKIP,B,,GRID CLAMP W/EAR,,,,,PIGSEAR,,,,pig's-ear clamp variant fuzzy-matched to GRID CLAMP W/EAR
SKIP,B,,JR. OFFSET ARM,,,,,812380,,,,OFFSET ARM TRIPLE variant vs plain JR. OFFSET ARM
SKIP,B,,SPEEDRAIL EAR 1 1/4ﬂ,,,,,815001,,,,OFFSET EAR variant vs plain SPEEDRAIL EAR
SKIP,B,,BOLT ON PIPE CLAMP,,,,,560117,,,,separate RW item 'PIPE CLAMP W/BOLT' vs HQ 'BOLT ON PIPE CLAMP'
SKIP,B,,ELECTROSTATIC SPRAYER CASE,,,,,9,,,,RW item is the sprayer unit; HQ only has the CASE (same $250 — no separate action)
SKIP,B,,Honda 7000 Watt Generator,,,,,7KFUEL,,,,fuel surcharge alias-matched to Honda 7K generator — wrong product
SKIP,B,,"Wireless Internet, MiFi Hotspot (Verizon)",,,,,MIFISPRINT,,,,explicit exclusion: Sprint MiFi fuzzy-matched to Verizon item (wrong product)
SKIP,B,,"Pressure Washer, Plug In",,,,,UPWP,,,,"duplicate of PROD15 (same HQ item, same price)"
SKIP,B,,"First Aid Kit ""50 Person""",,,,,UFIRSTAID,,,,"duplicate of 1STAIDKIT (same HQ item, same price)"
SKIP,B,,HAND SANITIZING STATION (40% OFF),,,,,3,,,,DESKTOP sanitizing station variant; HQ item is the full-size station (exact row '2' owns it)
SKIP,B,,104458,,,,,DWCHA,,,,"duplicate of UDWCHA (same HQ item, same price)"
SKIP,B,,Extension Cord - 100',,,,,UEXT100,,,,"duplicate of EXT100 (same HQ item, same price)"
SKIP,B,,6' Table (Fold In Half),,,,,UTABLE6FIH,,,,"duplicate of TABLE6FIH (same HQ item, same price)"
SKIP,B,,Canopy Tent Sidewall - 10' Black,,,,,UCS10BLACK,,,,"duplicate of TENTS10B (same HQ item, same price)"
SKIP,B,,Extension Cord - 50',,,,,UEXT50,,,,"duplicate of EXT50 (same HQ item, same price)"
SKIP,B,,5 Gallon Gas Can,,,,,UGASCA,,,,"duplicate of GASCAN (same HQ item, same price)"
SKIP,B,,"Cone - 28""",,,,,CONE28R,,,,reflector cone variant; plain Cone-28 exact row owns the HQ item
SKIP,B,,"Cone - 28""",,,,,UCONE28,,,,duplicate of exact match CONE28 (same price)
SKIP,B,,Extension Cord - 25',,,,,UEXT25,,,,"duplicate of EXT25 (same HQ item, same price)"
SKIP,B,,25 LB. SANDBAG,,,,,USB25,,,,"duplicate of SB (same HQ item, same price)"
SKIP,B,,Trash Can (33 gal),,,,,UTRASHCAN,,,,"duplicate of TRASHCAN (same HQ item, same price)"
SKIP,B,,Bungee Strap,,,,,UBUNGEE,,,,"duplicate of BUNGEE (same HQ item, same price)"
SKIP,B,,"Wardrobe Hanger 17"" Clear, Pant w/ Clip - Each",,,,,HANGERP,,,,sales-list price $1 conflicts with rental exact $0.50 (weekly $1.50 = 3x corroborates $0.50)
SKIP,B,,"Wardrobe Hanger 17"" Clear, Shirt/Dress - Each",,,,,HANGERS,,,,sales-list price $1 conflicts with rental exact $0.50 (weekly $1.50 = 3x corroborates $0.50)
